{
    "keep": {
        "days": true,
        "amount": 7
    },
    "auditLog": "c:\\SVMX\\Log\\DisplayApp\\.audit.json",
    "files": [
        {
            "date": 1709076175408,
            "name": "c:\\SVMX\\Log\\DisplayApp\\DisplayApp.2024-02-27.log",
            "hash": "bc98a0505c89904703035ca6a841120b"
        },
        {
            "date": 1709655687652,
            "name": "c:\\SVMX\\Log\\DisplayApp\\DisplayApp.2024-03-05.log",
            "hash": "cb2de473a05313148f82e7c553eccdd8"
        }
    ],
    "hashType": "md5"
}