<ArrayOfResetTerminal xmlns:xsi="http://www.w3.org/2001/XMLSchema-instance" xmlns:xsd="http://www.w3.org/2001/XMLSchema"><ResetTerminal><Reason>ConfigurationChanges</Reason><Sender>Platform</Sender><ResetTime>2021-04-28T19:57:53+05:00</ResetTime></ResetTerminal><ResetTerminal><Reason>SystemUpdate</Reason><Sender>Platform</Sender><ResetTime>2021-04-28T20:55:52+05:00</ResetTime></ResetTerminal><ResetTerminal><Reason>DeviceReset</Reason><Sender>Platform</Sender><ResetTime>2021-04-28T21:01:39+05:00</ResetTime></ResetTerminal><ResetTerminal><Reason>ConfigurationChanges</Reason><Sender>Platform</Sender><ResetTime>2021-04-28T21:06:04+05:00</ResetTime></ResetTerminal><ResetTerminal><Reason>NightlyReset</Reason><Sender>Platform</Sender><ResetTime>2021-06-08T03:58:49+05:00</ResetTime></ResetTerminal><ResetTerminal><Reason>NightlyReset</Reason><Sender>Platform</Sender><ResetTime>2021-08-06T03:59:03+05:00</ResetTime></ResetTerminal><ResetTerminal><Reason>NightlyReset</Reason><Sender>Platform</Sender><ResetTime>2021-11-05T03:59:17+05:00</ResetTime></ResetTerminal><ResetTerminal><Reason>NightlyReset</Reason><Sender>Platform</Sender><ResetTime>2022-01-19T02:58:59+05:00</ResetTime></ResetTerminal><ResetTerminal><Reason>NightlyReset</Reason><Sender>Platform</Sender><ResetTime>2022-03-18T03:44:25+05:00</ResetTime></ResetTerminal><ResetTerminal><Reason>NightlyReset</Reason><Sender>Platform</Sender><ResetTime>2022-03-18T04:13:43+05:00</ResetTime></ResetTerminal><ResetTerminal><Reason>NightlyReset</Reason><Sender>Platform</Sender><ResetTime>2022-06-14T03:58:52+05:00</ResetTime></ResetTerminal><ResetTerminal><Reason>NightlyReset</Reason><Sender>Platform</Sender><ResetTime>2022-08-02T03:58:57+05:00</ResetTime></ResetTerminal><ResetTerminal><Reason>NightlyReset</Reason><Sender>Platform</Sender><ResetTime>2023-03-01T03:06:10+05:00</ResetTime></ResetTerminal><ResetTerminal><Reason>NightlyReset</Reason><Sender>Platform</Sender><ResetTime>2023-04-09T04:07:45+05:00</ResetTime></ResetTerminal><ResetTerminal><Reason>ConfigurationChanges</Reason><Sender>Platform</Sender><ResetTime>2024-02-19T15:50:29+05:00</ResetTime></ResetTerminal><ResetTerminal><Reason>ConfigurationChanges</Reason><Sender>Platform</Sender><ResetTime>2024-02-20T16:46:25+05:00</ResetTime></ResetTerminal><ResetTerminal><Reason>Unknown</Reason><Sender>Platform</Sender><ResetTime>2024-02-22T12:44:23+05:00</ResetTime></ResetTerminal><ResetTerminal><Reason>ConfigurationChanges</Reason><Sender>Platform</Sender><ResetTime>2024-02-22T12:55:57+05:00</ResetTime></ResetTerminal><ResetTerminal><Reason>ConfigurationChanges</Reason><Sender>Platform</Sender><ResetTime>2024-02-22T14:46:29+05:00</ResetTime></ResetTerminal></ArrayOfResetTerminal>