{
    "keep": {
        "days": true,
        "amount": 7
    },
    "auditLog": "c:\\SVMX\\Log\\PumpApp\\.audit.json",
    "files": [
        {
            "date": 1709076175525,
            "name": "c:\\SVMX\\Log\\PumpApp\\PumpAppUI.2024-02-27.log",
            "hash": "c015cd56276d8af0da87ae8ca46c95df"
        },
        {
            "date": 1709655687730,
            "name": "c:\\SVMX\\Log\\PumpApp\\PumpAppUI.2024-03-05.log",
            "hash": "c75222876272ed5ee1fdd9299a028899"
        }
    ],
    "hashType": "md5"
}