<?xml version="1.0" encoding="utf-8"?>
<MediaContent xmlns:xsi="http://www.w3.org/2001/XMLSchema-instance" xmlns:xsd="http://www.w3.org/2001/XMLSchema">
  <FileInfo>
    <Version>1</Version>
  </FileInfo>
  <PlayList StartDateTime="2022-08-08T00:00:00" EndDateTime="2024-08-23T23:59:59">
    <Media>
      <State Name="Idle">
        <Slot TimeSlotID="4b33b59c-5c21-197f-0040-41559a50aaff" DaySlotID="c5eeed59-1c42-8f15-a6e5-b7ca95526b93">
          <MediaData ReferenceNumber="16aab5dd-bf27-42c7-b4eb-ff5820d50a44" Duration="8" Loop="1">EMV-Chip-Enabled-Ad-Anthem-Final_3d60.mp4</MediaData>
        </Slot>
      </State>
      <State Name="Fueling">
        <Slot TimeSlotID="4b33b59c-5c21-197f-0040-41559a50aaff" DaySlotID="c5eeed59-1c42-8f15-a6e5-b7ca95526b93">
          <MediaData ReferenceNumber="57383d98-d31b-466c-bc6d-338cd83d572c" Duration="21" Loop="1">Commercial-SodaV1-Anthem(-5db)_3d60.mp4</MediaData>
        </Slot>
      </State>
    </Media>
  </PlayList>
  <TimeSlots>
    <TimeSlot ID="4b33b59c-5c21-197f-0040-41559a50aaff" StartTime="00:00:00" EndTime="23:59:00" />
  </TimeSlots>
  <DaySlots>
    <DaySlot ID="c5eeed59-1c42-8f15-a6e5-b7ca95526b93" Sunday="true" Monday="true" Tuesday="true" Wednesday="true" Thursday="true" Friday="true" Saturday="true" />
  </DaySlots>
</MediaContent>