<ArrayOfResetTerminal xmlns:xsi="http://www.w3.org/2001/XMLSchema-instance" xmlns:xsd="http://www.w3.org/2001/XMLSchema"><ResetTerminal><Reason>ConfigurationChanges</Reason><Sender>Platform</Sender><ResetTime>2023-03-08T01:38:45+07:00</ResetTime></ResetTerminal><ResetTerminal><Reason>PairingConfigurationUpdated</Reason><Sender>Platform</Sender><ResetTime>2023-03-08T01:42:03+07:00</ResetTime></ResetTerminal><ResetTerminal><Reason>SoftwareReplicationDone</Reason><Sender>Platform</Sender><ResetTime>2023-03-08T01:46:59+07:00</ResetTime></ResetTerminal><ResetTerminal><Reason>ConfigurationChanges</Reason><Sender>Platform</Sender><ResetTime>2023-03-08T03:48:53+07:00</ResetTime></ResetTerminal><ResetTerminal><Reason>Unknown</Reason><Sender>Platform</Sender><ResetTime>2023-03-08T00:58:48+07:00</ResetTime></ResetTerminal><ResetTerminal><Reason>Unknown</Reason><Sender>Platform</Sender><ResetTime>2023-03-09T00:58:46+07:00</ResetTime></ResetTerminal><ResetTerminal><Reason>Unknown</Reason><Sender>Platform</Sender><ResetTime>2023-03-10T01:01:43+07:00</ResetTime></ResetTerminal><ResetTerminal><Reason>Unknown</Reason><Sender>Platform</Sender><ResetTime>2023-03-11T00:58:42+07:00</ResetTime></ResetTerminal><ResetTerminal><Reason>Unknown</Reason><Sender>Platform</Sender><ResetTime>2023-03-12T00:58:40+07:00</ResetTime></ResetTerminal><ResetTerminal><Reason>Unknown</Reason><Sender>Platform</Sender><ResetTime>2023-03-13T01:58:37+07:00</ResetTime></ResetTerminal><ResetTerminal><Reason>Unknown</Reason><Sender>Platform</Sender><ResetTime>2023-03-14T01:58:37+07:00</ResetTime></ResetTerminal><ResetTerminal><Reason>Unknown</Reason><Sender>Platform</Sender><ResetTime>2023-03-15T01:58:34+07:00</ResetTime></ResetTerminal><ResetTerminal><Reason>Unknown</Reason><Sender>Platform</Sender><ResetTime>2023-03-16T01:58:32+07:00</ResetTime></ResetTerminal><ResetTerminal><Reason>Unknown</Reason><Sender>Platform</Sender><ResetTime>2023-03-17T01:58:30+07:00</ResetTime></ResetTerminal><ResetTerminal><Reason>Unknown</Reason><Sender>Platform</Sender><ResetTime>2023-03-18T01:58:28+07:00</ResetTime></ResetTerminal><ResetTerminal><Reason>Unknown</Reason><Sender>Platform</Sender><ResetTime>2023-03-19T01:58:26+07:00</ResetTime></ResetTerminal><ResetTerminal><Reason>Unknown</Reason><Sender>Platform</Sender><ResetTime>2023-03-20T01:58:24+07:00</ResetTime></ResetTerminal><ResetTerminal><Reason>Unknown</Reason><Sender>Platform</Sender><ResetTime>2023-03-21T02:02:21+07:00</ResetTime></ResetTerminal><ResetTerminal><Reason>Unknown</Reason><Sender>Platform</Sender><ResetTime>2023-03-22T01:58:20+07:00</ResetTime></ResetTerminal><ResetTerminal><Reason>Unknown</Reason><Sender>Platform</Sender><ResetTime>2023-03-23T01:58:18+07:00</ResetTime></ResetTerminal><ResetTerminal><Reason>Unknown</Reason><Sender>Platform</Sender><ResetTime>2023-03-24T01:58:15+07:00</ResetTime></ResetTerminal><ResetTerminal><Reason>Unknown</Reason><Sender>Platform</Sender><ResetTime>2023-03-25T01:58:14+07:00</ResetTime></ResetTerminal><ResetTerminal><Reason>Unknown</Reason><Sender>Platform</Sender><ResetTime>2023-03-26T01:58:12+07:00</ResetTime></ResetTerminal><ResetTerminal><Reason>Unknown</Reason><Sender>Platform</Sender><ResetTime>2023-03-27T01:58:10+07:00</ResetTime></ResetTerminal><ResetTerminal><Reason>Unknown</Reason><Sender>Platform</Sender><ResetTime>2023-03-28T01:58:07+07:00</ResetTime></ResetTerminal><ResetTerminal><Reason>Unknown</Reason><Sender>Platform</Sender><ResetTime>2023-03-29T01:58:06+07:00</ResetTime></ResetTerminal><ResetTerminal><Reason>Unknown</Reason><Sender>Platform</Sender><ResetTime>2023-03-30T01:58:05+07:00</ResetTime></ResetTerminal><ResetTerminal><Reason>Unknown</Reason><Sender>Platform</Sender><ResetTime>2023-03-31T01:58:01+07:00</ResetTime></ResetTerminal><ResetTerminal><Reason>Unknown</Reason><Sender>Platform</Sender><ResetTime>2023-04-01T01:57:59+07:00</ResetTime></ResetTerminal><ResetTerminal><Reason>Unknown</Reason><Sender>Platform</Sender><ResetTime>2023-04-02T01:57:57+07:00</ResetTime></ResetTerminal><ResetTerminal><Reason>Unknown</Reason><Sender>Platform</Sender><ResetTime>2023-04-03T01:57:56+07:00</ResetTime></ResetTerminal><ResetTerminal><Reason>Unknown</Reason><Sender>Platform</Sender><ResetTime>2023-04-04T01:57:54+07:00</ResetTime></ResetTerminal><ResetTerminal><Reason>Unknown</Reason><Sender>Platform</Sender><ResetTime>2023-04-05T01:57:52+07:00</ResetTime></ResetTerminal><ResetTerminal><Reason>Unknown</Reason><Sender>Platform</Sender><ResetTime>2023-04-06T01:57:50+07:00</ResetTime></ResetTerminal><ResetTerminal><Reason>Unknown</Reason><Sender>Platform</Sender><ResetTime>2023-04-07T01:57:48+07:00</ResetTime></ResetTerminal><ResetTerminal><Reason>Unknown</Reason><Sender>Platform</Sender><ResetTime>2023-04-08T01:57:46+07:00</ResetTime></ResetTerminal><ResetTerminal><Reason>Unknown</Reason><Sender>Platform</Sender><ResetTime>2023-04-09T01:57:43+07:00</ResetTime></ResetTerminal><ResetTerminal><Reason>Unknown</Reason><Sender>Platform</Sender><ResetTime>2023-04-10T01:57:42+07:00</ResetTime></ResetTerminal><ResetTerminal><Reason>Unknown</Reason><Sender>Platform</Sender><ResetTime>2023-04-11T01:57:39+07:00</ResetTime></ResetTerminal><ResetTerminal><Reason>Unknown</Reason><Sender>Platform</Sender><ResetTime>2023-04-12T01:57:37+07:00</ResetTime></ResetTerminal><ResetTerminal><Reason>Unknown</Reason><Sender>Platform</Sender><ResetTime>2023-04-13T01:57:36+07:00</ResetTime></ResetTerminal><ResetTerminal><Reason>Unknown</Reason><Sender>Platform</Sender><ResetTime>2023-04-14T01:57:32+07:00</ResetTime></ResetTerminal><ResetTerminal><Reason>Unknown</Reason><Sender>Platform</Sender><ResetTime>2023-04-15T01:57:32+07:00</ResetTime></ResetTerminal><ResetTerminal><Reason>Unknown</Reason><Sender>Platform</Sender><ResetTime>2023-04-16T01:57:31+07:00</ResetTime></ResetTerminal><ResetTerminal><Reason>Unknown</Reason><Sender>Platform</Sender><ResetTime>2023-04-17T01:57:28+07:00</ResetTime></ResetTerminal><ResetTerminal><Reason>Unknown</Reason><Sender>Platform</Sender><ResetTime>2023-04-18T01:57:25+07:00</ResetTime></ResetTerminal><ResetTerminal><Reason>Unknown</Reason><Sender>Platform</Sender><ResetTime>2023-04-19T01:57:23+07:00</ResetTime></ResetTerminal><ResetTerminal><Reason>Unknown</Reason><Sender>Platform</Sender><ResetTime>2023-04-20T01:57:21+07:00</ResetTime></ResetTerminal><ResetTerminal><Reason>Unknown</Reason><Sender>Platform</Sender><ResetTime>2023-04-21T01:57:20+07:00</ResetTime></ResetTerminal><ResetTerminal><Reason>Unknown</Reason><Sender>Platform</Sender><ResetTime>2023-04-22T01:57:18+07:00</ResetTime></ResetTerminal><ResetTerminal><Reason>Unknown</Reason><Sender>Platform</Sender><ResetTime>2023-04-23T01:57:16+07:00</ResetTime></ResetTerminal><ResetTerminal><Reason>Unknown</Reason><Sender>Platform</Sender><ResetTime>2023-04-24T01:57:13+07:00</ResetTime></ResetTerminal><ResetTerminal><Reason>Unknown</Reason><Sender>Platform</Sender><ResetTime>2023-04-25T01:57:11+07:00</ResetTime></ResetTerminal><ResetTerminal><Reason>Unknown</Reason><Sender>Platform</Sender><ResetTime>2023-04-26T02:01:09+07:00</ResetTime></ResetTerminal><ResetTerminal><Reason>Unknown</Reason><Sender>Platform</Sender><ResetTime>2023-04-27T01:57:08+07:00</ResetTime></ResetTerminal><ResetTerminal><Reason>Unknown</Reason><Sender>Platform</Sender><ResetTime>2023-04-28T01:57:06+07:00</ResetTime></ResetTerminal><ResetTerminal><Reason>Unknown</Reason><Sender>Platform</Sender><ResetTime>2023-04-29T01:57:05+07:00</ResetTime></ResetTerminal><ResetTerminal><Reason>Unknown</Reason><Sender>Platform</Sender><ResetTime>2023-04-30T01:57:02+07:00</ResetTime></ResetTerminal><ResetTerminal><Reason>Unknown</Reason><Sender>Platform</Sender><ResetTime>2023-05-01T01:57:00+07:00</ResetTime></ResetTerminal><ResetTerminal><Reason>Unknown</Reason><Sender>Platform</Sender><ResetTime>2023-05-02T01:56:57+07:00</ResetTime></ResetTerminal><ResetTerminal><Reason>Unknown</Reason><Sender>Platform</Sender><ResetTime>2023-05-03T01:56:56+07:00</ResetTime></ResetTerminal><ResetTerminal><Reason>Unknown</Reason><Sender>Platform</Sender><ResetTime>2023-05-04T01:56:54+07:00</ResetTime></ResetTerminal><ResetTerminal><Reason>Unknown</Reason><Sender>Platform</Sender><ResetTime>2023-05-05T01:56:51+07:00</ResetTime></ResetTerminal><ResetTerminal><Reason>Unknown</Reason><Sender>Platform</Sender><ResetTime>2023-05-06T01:56:49+07:00</ResetTime></ResetTerminal><ResetTerminal><Reason>Unknown</Reason><Sender>Platform</Sender><ResetTime>2023-05-07T01:56:47+07:00</ResetTime></ResetTerminal><ResetTerminal><Reason>Unknown</Reason><Sender>Platform</Sender><ResetTime>2023-05-08T01:56:44+07:00</ResetTime></ResetTerminal><ResetTerminal><Reason>Unknown</Reason><Sender>Platform</Sender><ResetTime>2023-05-09T01:56:44+07:00</ResetTime></ResetTerminal><ResetTerminal><Reason>Unknown</Reason><Sender>Platform</Sender><ResetTime>2023-05-10T01:56:41+07:00</ResetTime></ResetTerminal><ResetTerminal><Reason>Unknown</Reason><Sender>Platform</Sender><ResetTime>2023-05-11T01:56:39+07:00</ResetTime></ResetTerminal><ResetTerminal><Reason>Unknown</Reason><Sender>Platform</Sender><ResetTime>2023-05-12T01:56:37+07:00</ResetTime></ResetTerminal><ResetTerminal><Reason>Unknown</Reason><Sender>Platform</Sender><ResetTime>2023-05-13T01:56:35+07:00</ResetTime></ResetTerminal><ResetTerminal><Reason>Unknown</Reason><Sender>Platform</Sender><ResetTime>2023-05-14T01:56:33+07:00</ResetTime></ResetTerminal><ResetTerminal><Reason>Unknown</Reason><Sender>Platform</Sender><ResetTime>2023-05-15T01:56:33+07:00</ResetTime></ResetTerminal><ResetTerminal><Reason>Unknown</Reason><Sender>Platform</Sender><ResetTime>2023-05-16T01:56:35+07:00</ResetTime></ResetTerminal><ResetTerminal><Reason>Unknown</Reason><Sender>Platform</Sender><ResetTime>2023-05-17T01:56:26+07:00</ResetTime></ResetTerminal><ResetTerminal><Reason>Unknown</Reason><Sender>Platform</Sender><ResetTime>2023-05-18T01:59:25+07:00</ResetTime></ResetTerminal><ResetTerminal><Reason>Unknown</Reason><Sender>Platform</Sender><ResetTime>2023-05-19T01:57:22+07:00</ResetTime></ResetTerminal><ResetTerminal><Reason>Unknown</Reason><Sender>Platform</Sender><ResetTime>2023-05-20T01:57:21+07:00</ResetTime></ResetTerminal><ResetTerminal><Reason>Unknown</Reason><Sender>Platform</Sender><ResetTime>2023-05-21T01:57:19+07:00</ResetTime></ResetTerminal><ResetTerminal><Reason>Unknown</Reason><Sender>Platform</Sender><ResetTime>2023-05-22T01:57:17+07:00</ResetTime></ResetTerminal><ResetTerminal><Reason>Unknown</Reason><Sender>Platform</Sender><ResetTime>2023-05-23T01:57:15+07:00</ResetTime></ResetTerminal><ResetTerminal><Reason>Unknown</Reason><Sender>Platform</Sender><ResetTime>2023-05-24T01:57:13+07:00</ResetTime></ResetTerminal><ResetTerminal><Reason>Unknown</Reason><Sender>Platform</Sender><ResetTime>2023-05-25T01:57:11+07:00</ResetTime></ResetTerminal><ResetTerminal><Reason>Unknown</Reason><Sender>Platform</Sender><ResetTime>2023-05-26T01:57:09+07:00</ResetTime></ResetTerminal><ResetTerminal><Reason>Unknown</Reason><Sender>Platform</Sender><ResetTime>2023-05-27T01:57:06+07:00</ResetTime></ResetTerminal><ResetTerminal><Reason>Unknown</Reason><Sender>Platform</Sender><ResetTime>2023-05-28T01:57:24+07:00</ResetTime></ResetTerminal><ResetTerminal><Reason>Unknown</Reason><Sender>Platform</Sender><ResetTime>2023-05-29T01:57:22+07:00</ResetTime></ResetTerminal><ResetTerminal><Reason>Unknown</Reason><Sender>Platform</Sender><ResetTime>2023-05-30T01:57:20+07:00</ResetTime></ResetTerminal><ResetTerminal><Reason>Unknown</Reason><Sender>Platform</Sender><ResetTime>2023-05-31T01:57:17+07:00</ResetTime></ResetTerminal><ResetTerminal><Reason>Unknown</Reason><Sender>Platform</Sender><ResetTime>2023-06-01T01:57:15+07:00</ResetTime></ResetTerminal><ResetTerminal><Reason>Unknown</Reason><Sender>Platform</Sender><ResetTime>2023-06-02T01:57:13+07:00</ResetTime></ResetTerminal><ResetTerminal><Reason>Unknown</Reason><Sender>Platform</Sender><ResetTime>2023-06-03T01:57:12+07:00</ResetTime></ResetTerminal><ResetTerminal><Reason>Unknown</Reason><Sender>Platform</Sender><ResetTime>2023-06-04T01:57:10+07:00</ResetTime></ResetTerminal><ResetTerminal><Reason>Unknown</Reason><Sender>Platform</Sender><ResetTime>2023-06-05T01:57:08+07:00</ResetTime></ResetTerminal><ResetTerminal><Reason>Unknown</Reason><Sender>Platform</Sender><ResetTime>2023-06-06T01:57:05+07:00</ResetTime></ResetTerminal><ResetTerminal><Reason>Unknown</Reason><Sender>Platform</Sender><ResetTime>2023-06-07T01:57:03+07:00</ResetTime></ResetTerminal><ResetTerminal><Reason>Unknown</Reason><Sender>Platform</Sender><ResetTime>2023-06-08T01:57:01+07:00</ResetTime></ResetTerminal><ResetTerminal><Reason>Unknown</Reason><Sender>Platform</Sender><ResetTime>2023-06-09T01:56:58+07:00</ResetTime></ResetTerminal><ResetTerminal><Reason>Unknown</Reason><Sender>Platform</Sender><ResetTime>2023-06-10T01:56:57+07:00</ResetTime></ResetTerminal><ResetTerminal><Reason>Unknown</Reason><Sender>Platform</Sender><ResetTime>2023-06-11T01:56:56+07:00</ResetTime></ResetTerminal><ResetTerminal><Reason>Unknown</Reason><Sender>Platform</Sender><ResetTime>2023-06-12T01:56:54+07:00</ResetTime></ResetTerminal><ResetTerminal><Reason>Unknown</Reason><Sender>Platform</Sender><ResetTime>2023-06-13T01:56:51+07:00</ResetTime></ResetTerminal><ResetTerminal><Reason>Unknown</Reason><Sender>Platform</Sender><ResetTime>2023-06-14T01:56:50+07:00</ResetTime></ResetTerminal><ResetTerminal><Reason>Unknown</Reason><Sender>Platform</Sender><ResetTime>2023-06-15T01:56:47+07:00</ResetTime></ResetTerminal><ResetTerminal><Reason>Unknown</Reason><Sender>Platform</Sender><ResetTime>2023-06-16T01:56:46+07:00</ResetTime></ResetTerminal><ResetTerminal><Reason>Unknown</Reason><Sender>Platform</Sender><ResetTime>2023-06-17T01:56:44+07:00</ResetTime></ResetTerminal><ResetTerminal><Reason>Unknown</Reason><Sender>Platform</Sender><ResetTime>2023-06-18T01:56:42+07:00</ResetTime></ResetTerminal><ResetTerminal><Reason>Unknown</Reason><Sender>Platform</Sender><ResetTime>2023-06-19T01:56:39+07:00</ResetTime></ResetTerminal><ResetTerminal><Reason>Unknown</Reason><Sender>Platform</Sender><ResetTime>2023-06-20T01:56:37+07:00</ResetTime></ResetTerminal><ResetTerminal><Reason>Unknown</Reason><Sender>Platform</Sender><ResetTime>2023-06-21T01:56:36+07:00</ResetTime></ResetTerminal><ResetTerminal><Reason>Unknown</Reason><Sender>Platform</Sender><ResetTime>2023-06-22T01:56:33+07:00</ResetTime></ResetTerminal><ResetTerminal><Reason>Unknown</Reason><Sender>Platform</Sender><ResetTime>2023-06-23T01:56:31+07:00</ResetTime></ResetTerminal><ResetTerminal><Reason>Unknown</Reason><Sender>Platform</Sender><ResetTime>2023-06-24T01:56:28+07:00</ResetTime></ResetTerminal><ResetTerminal><Reason>Unknown</Reason><Sender>Platform</Sender><ResetTime>2023-06-25T01:56:27+07:00</ResetTime></ResetTerminal><ResetTerminal><Reason>Unknown</Reason><Sender>Platform</Sender><ResetTime>2023-06-26T01:56:25+07:00</ResetTime></ResetTerminal><ResetTerminal><Reason>Unknown</Reason><Sender>Platform</Sender><ResetTime>2023-06-27T01:56:22+07:00</ResetTime></ResetTerminal><ResetTerminal><Reason>Unknown</Reason><Sender>Platform</Sender><ResetTime>2023-06-28T01:56:20+07:00</ResetTime></ResetTerminal><ResetTerminal><Reason>Unknown</Reason><Sender>Platform</Sender><ResetTime>2023-06-29T01:57:16+07:00</ResetTime></ResetTerminal><ResetTerminal><Reason>Unknown</Reason><Sender>Platform</Sender><ResetTime>2023-06-30T01:49:20+07:00</ResetTime></ResetTerminal><ResetTerminal><Reason>Unknown</Reason><Sender>Platform</Sender><ResetTime>2023-07-01T01:49:18+07:00</ResetTime></ResetTerminal><ResetTerminal><Reason>Unknown</Reason><Sender>Platform</Sender><ResetTime>2023-07-02T01:49:16+07:00</ResetTime></ResetTerminal><ResetTerminal><Reason>Unknown</Reason><Sender>Platform</Sender><ResetTime>2023-07-03T01:49:14+07:00</ResetTime></ResetTerminal><ResetTerminal><Reason>Unknown</Reason><Sender>Platform</Sender><ResetTime>2023-07-04T01:49:13+07:00</ResetTime></ResetTerminal><ResetTerminal><Reason>Unknown</Reason><Sender>Platform</Sender><ResetTime>2023-07-05T01:49:10+07:00</ResetTime></ResetTerminal><ResetTerminal><Reason>Unknown</Reason><Sender>Platform</Sender><ResetTime>2023-07-06T01:49:08+07:00</ResetTime></ResetTerminal><ResetTerminal><Reason>Unknown</Reason><Sender>Platform</Sender><ResetTime>2023-07-07T01:49:06+07:00</ResetTime></ResetTerminal><ResetTerminal><Reason>Unknown</Reason><Sender>Platform</Sender><ResetTime>2023-07-08T01:49:04+07:00</ResetTime></ResetTerminal><ResetTerminal><Reason>Unknown</Reason><Sender>Platform</Sender><ResetTime>2023-07-09T01:49:02+07:00</ResetTime></ResetTerminal><ResetTerminal><Reason>Unknown</Reason><Sender>Platform</Sender><ResetTime>2023-07-10T01:48:59+07:00</ResetTime></ResetTerminal><ResetTerminal><Reason>Unknown</Reason><Sender>Platform</Sender><ResetTime>2023-07-11T01:48:58+07:00</ResetTime></ResetTerminal><ResetTerminal><Reason>Unknown</Reason><Sender>Platform</Sender><ResetTime>2023-07-12T01:49:55+07:00</ResetTime></ResetTerminal><ResetTerminal><Reason>Unknown</Reason><Sender>Platform</Sender><ResetTime>2023-07-13T01:48:55+07:00</ResetTime></ResetTerminal><ResetTerminal><Reason>Unknown</Reason><Sender>Platform</Sender><ResetTime>2023-07-14T01:48:52+07:00</ResetTime></ResetTerminal><ResetTerminal><Reason>Unknown</Reason><Sender>Platform</Sender><ResetTime>2023-07-15T01:48:50+07:00</ResetTime></ResetTerminal><ResetTerminal><Reason>Unknown</Reason><Sender>Platform</Sender><ResetTime>2023-07-16T01:48:47+07:00</ResetTime></ResetTerminal><ResetTerminal><Reason>Unknown</Reason><Sender>Platform</Sender><ResetTime>2023-07-17T01:48:46+07:00</ResetTime></ResetTerminal><ResetTerminal><Reason>Unknown</Reason><Sender>Platform</Sender><ResetTime>2023-07-18T01:48:44+07:00</ResetTime></ResetTerminal><ResetTerminal><Reason>Unknown</Reason><Sender>Platform</Sender><ResetTime>2023-07-19T01:48:41+07:00</ResetTime></ResetTerminal><ResetTerminal><Reason>Unknown</Reason><Sender>Platform</Sender><ResetTime>2023-07-20T01:49:41+07:00</ResetTime></ResetTerminal><ResetTerminal><Reason>Unknown</Reason><Sender>Platform</Sender><ResetTime>2023-07-21T01:49:39+07:00</ResetTime></ResetTerminal><ResetTerminal><Reason>Unknown</Reason><Sender>Platform</Sender><ResetTime>2023-07-22T01:49:35+07:00</ResetTime></ResetTerminal><ResetTerminal><Reason>Unknown</Reason><Sender>Platform</Sender><ResetTime>2023-07-23T01:49:33+07:00</ResetTime></ResetTerminal><ResetTerminal><Reason>Unknown</Reason><Sender>Platform</Sender><ResetTime>2023-07-24T01:49:31+07:00</ResetTime></ResetTerminal><ResetTerminal><Reason>Unknown</Reason><Sender>Platform</Sender><ResetTime>2023-07-25T01:49:29+07:00</ResetTime></ResetTerminal><ResetTerminal><Reason>Unknown</Reason><Sender>Platform</Sender><ResetTime>2023-07-26T01:49:27+07:00</ResetTime></ResetTerminal><ResetTerminal><Reason>Unknown</Reason><Sender>Platform</Sender><ResetTime>2023-07-27T01:49:25+07:00</ResetTime></ResetTerminal><ResetTerminal><Reason>Unknown</Reason><Sender>Platform</Sender><ResetTime>2023-07-28T01:49:24+07:00</ResetTime></ResetTerminal><ResetTerminal><Reason>Unknown</Reason><Sender>Platform</Sender><ResetTime>2023-07-29T01:49:21+07:00</ResetTime></ResetTerminal><ResetTerminal><Reason>Unknown</Reason><Sender>Platform</Sender><ResetTime>2023-07-30T01:49:19+07:00</ResetTime></ResetTerminal><ResetTerminal><Reason>Unknown</Reason><Sender>Platform</Sender><ResetTime>2023-07-31T01:49:17+07:00</ResetTime></ResetTerminal><ResetTerminal><Reason>Unknown</Reason><Sender>Platform</Sender><ResetTime>2023-08-01T01:51:16+07:00</ResetTime></ResetTerminal><ResetTerminal><Reason>Unknown</Reason><Sender>Platform</Sender><ResetTime>2023-08-02T01:49:12+07:00</ResetTime></ResetTerminal><ResetTerminal><Reason>Unknown</Reason><Sender>Platform</Sender><ResetTime>2023-08-03T01:49:12+07:00</ResetTime></ResetTerminal><ResetTerminal><Reason>Unknown</Reason><Sender>Platform</Sender><ResetTime>2023-08-04T01:49:10+07:00</ResetTime></ResetTerminal><ResetTerminal><Reason>Unknown</Reason><Sender>Platform</Sender><ResetTime>2023-08-05T01:49:08+07:00</ResetTime></ResetTerminal><ResetTerminal><Reason>Unknown</Reason><Sender>Platform</Sender><ResetTime>2023-08-06T01:49:05+07:00</ResetTime></ResetTerminal><ResetTerminal><Reason>Unknown</Reason><Sender>Platform</Sender><ResetTime>2023-08-07T01:49:04+07:00</ResetTime></ResetTerminal><ResetTerminal><Reason>Unknown</Reason><Sender>Platform</Sender><ResetTime>2023-08-08T01:49:01+07:00</ResetTime></ResetTerminal><ResetTerminal><Reason>Unknown</Reason><Sender>Platform</Sender><ResetTime>2023-08-09T01:50:01+07:00</ResetTime></ResetTerminal><ResetTerminal><Reason>Unknown</Reason><Sender>Platform</Sender><ResetTime>2023-08-10T01:50:01+07:00</ResetTime></ResetTerminal><ResetTerminal><Reason>Unknown</Reason><Sender>Platform</Sender><ResetTime>2023-08-11T01:50:04+07:00</ResetTime></ResetTerminal><ResetTerminal><Reason>Unknown</Reason><Sender>Platform</Sender><ResetTime>2023-08-12T01:50:07+07:00</ResetTime></ResetTerminal><ResetTerminal><Reason>Unknown</Reason><Sender>Platform</Sender><ResetTime>2023-08-13T01:49:51+07:00</ResetTime></ResetTerminal><ResetTerminal><Reason>Unknown</Reason><Sender>Platform</Sender><ResetTime>2023-08-14T01:49:51+07:00</ResetTime></ResetTerminal><ResetTerminal><Reason>Unknown</Reason><Sender>Platform</Sender><ResetTime>2023-08-15T01:50:04+07:00</ResetTime></ResetTerminal><ResetTerminal><Reason>Unknown</Reason><Sender>Platform</Sender><ResetTime>2023-08-16T01:50:05+07:00</ResetTime></ResetTerminal><ResetTerminal><Reason>Unknown</Reason><Sender>Platform</Sender><ResetTime>2023-08-17T01:50:03+07:00</ResetTime></ResetTerminal><ResetTerminal><Reason>Unknown</Reason><Sender>Platform</Sender><ResetTime>2023-08-18T01:50:00+07:00</ResetTime></ResetTerminal><ResetTerminal><Reason>Unknown</Reason><Sender>Platform</Sender><ResetTime>2023-08-19T01:49:58+07:00</ResetTime></ResetTerminal><ResetTerminal><Reason>Unknown</Reason><Sender>Platform</Sender><ResetTime>2023-08-20T01:49:56+07:00</ResetTime></ResetTerminal><ResetTerminal><Reason>Unknown</Reason><Sender>Platform</Sender><ResetTime>2023-08-21T01:49:54+07:00</ResetTime></ResetTerminal><ResetTerminal><Reason>Unknown</Reason><Sender>Platform</Sender><ResetTime>2023-08-22T01:49:52+07:00</ResetTime></ResetTerminal><ResetTerminal><Reason>Unknown</Reason><Sender>Platform</Sender><ResetTime>2023-08-23T01:49:49+07:00</ResetTime></ResetTerminal><ResetTerminal><Reason>Unknown</Reason><Sender>Platform</Sender><ResetTime>2023-08-24T01:49:47+07:00</ResetTime></ResetTerminal><ResetTerminal><Reason>Unknown</Reason><Sender>Platform</Sender><ResetTime>2023-08-25T01:49:45+07:00</ResetTime></ResetTerminal><ResetTerminal><Reason>Unknown</Reason><Sender>Platform</Sender><ResetTime>2023-08-26T01:49:43+07:00</ResetTime></ResetTerminal><ResetTerminal><Reason>Unknown</Reason><Sender>Platform</Sender><ResetTime>2023-08-27T01:49:41+07:00</ResetTime></ResetTerminal><ResetTerminal><Reason>Unknown</Reason><Sender>Platform</Sender><ResetTime>2023-08-28T01:49:39+07:00</ResetTime></ResetTerminal><ResetTerminal><Reason>Unknown</Reason><Sender>Platform</Sender><ResetTime>2023-08-29T01:49:36+07:00</ResetTime></ResetTerminal><ResetTerminal><Reason>Unknown</Reason><Sender>Platform</Sender><ResetTime>2023-08-30T01:49:35+07:00</ResetTime></ResetTerminal><ResetTerminal><Reason>Unknown</Reason><Sender>Platform</Sender><ResetTime>2023-08-31T01:49:32+07:00</ResetTime></ResetTerminal><ResetTerminal><Reason>Unknown</Reason><Sender>Platform</Sender><ResetTime>2023-09-01T01:49:30+07:00</ResetTime></ResetTerminal><ResetTerminal><Reason>Unknown</Reason><Sender>Platform</Sender><ResetTime>2023-09-02T01:49:28+07:00</ResetTime></ResetTerminal><ResetTerminal><Reason>Unknown</Reason><Sender>Platform</Sender><ResetTime>2023-09-03T01:49:26+07:00</ResetTime></ResetTerminal><ResetTerminal><Reason>Unknown</Reason><Sender>Platform</Sender><ResetTime>2023-09-04T01:50:26+07:00</ResetTime></ResetTerminal><ResetTerminal><Reason>Unknown</Reason><Sender>Platform</Sender><ResetTime>2023-09-05T01:50:23+07:00</ResetTime></ResetTerminal><ResetTerminal><Reason>Unknown</Reason><Sender>Platform</Sender><ResetTime>2023-09-06T01:50:20+07:00</ResetTime></ResetTerminal><ResetTerminal><Reason>Unknown</Reason><Sender>Platform</Sender><ResetTime>2023-09-07T01:50:18+07:00</ResetTime></ResetTerminal><ResetTerminal><Reason>Unknown</Reason><Sender>Platform</Sender><ResetTime>2023-09-08T01:50:16+07:00</ResetTime></ResetTerminal><ResetTerminal><Reason>Unknown</Reason><Sender>Platform</Sender><ResetTime>2023-09-09T01:50:30+07:00</ResetTime></ResetTerminal><ResetTerminal><Reason>Unknown</Reason><Sender>Platform</Sender><ResetTime>2023-09-10T01:50:28+07:00</ResetTime></ResetTerminal><ResetTerminal><Reason>Unknown</Reason><Sender>Platform</Sender><ResetTime>2023-09-11T01:50:25+07:00</ResetTime></ResetTerminal><ResetTerminal><Reason>Unknown</Reason><Sender>Platform</Sender><ResetTime>2023-09-12T01:50:24+07:00</ResetTime></ResetTerminal><ResetTerminal><Reason>Unknown</Reason><Sender>Platform</Sender><ResetTime>2023-09-13T01:50:22+07:00</ResetTime></ResetTerminal><ResetTerminal><Reason>Unknown</Reason><Sender>Platform</Sender><ResetTime>2023-09-14T01:50:19+07:00</ResetTime></ResetTerminal><ResetTerminal><Reason>Unknown</Reason><Sender>Platform</Sender><ResetTime>2023-09-15T01:50:17+07:00</ResetTime></ResetTerminal><ResetTerminal><Reason>Unknown</Reason><Sender>Platform</Sender><ResetTime>2023-09-16T01:50:16+07:00</ResetTime></ResetTerminal><ResetTerminal><Reason>Unknown</Reason><Sender>Platform</Sender><ResetTime>2023-09-17T01:50:14+07:00</ResetTime></ResetTerminal><ResetTerminal><Reason>Unknown</Reason><Sender>Platform</Sender><ResetTime>2023-09-18T01:50:13+07:00</ResetTime></ResetTerminal><ResetTerminal><Reason>Unknown</Reason><Sender>Platform</Sender><ResetTime>2023-09-19T01:50:10+07:00</ResetTime></ResetTerminal><ResetTerminal><Reason>Unknown</Reason><Sender>Platform</Sender><ResetTime>2023-09-20T01:50:08+07:00</ResetTime></ResetTerminal><ResetTerminal><Reason>Unknown</Reason><Sender>Platform</Sender><ResetTime>2023-09-21T01:50:05+07:00</ResetTime></ResetTerminal><ResetTerminal><Reason>Unknown</Reason><Sender>Platform</Sender><ResetTime>2023-09-22T01:50:04+07:00</ResetTime></ResetTerminal><ResetTerminal><Reason>Unknown</Reason><Sender>Platform</Sender><ResetTime>2023-09-23T01:50:02+07:00</ResetTime></ResetTerminal><ResetTerminal><Reason>Unknown</Reason><Sender>Platform</Sender><ResetTime>2023-09-24T01:49:59+07:00</ResetTime></ResetTerminal><ResetTerminal><Reason>Unknown</Reason><Sender>Platform</Sender><ResetTime>2023-09-25T01:49:58+07:00</ResetTime></ResetTerminal><ResetTerminal><Reason>Unknown</Reason><Sender>Platform</Sender><ResetTime>2023-09-26T01:49:57+07:00</ResetTime></ResetTerminal><ResetTerminal><Reason>SoftwareReplicationDone</Reason><Sender>Platform</Sender><ResetTime>2023-09-26T22:47:00+07:00</ResetTime></ResetTerminal><ResetTerminal><Reason>SoftwareReplicationDone</Reason><Sender>Platform</Sender><ResetTime>2023-09-27T00:22:45+07:00</ResetTime></ResetTerminal><ResetTerminal><Reason>Unknown</Reason><Sender>Platform</Sender><ResetTime>2023-09-27T00:25:33+07:00</ResetTime></ResetTerminal><ResetTerminal><Reason>Unknown</Reason><Sender>Platform</Sender><ResetTime>2023-09-27T01:50:44+07:00</ResetTime></ResetTerminal><ResetTerminal><Reason>SoftwareReplicationDone</Reason><Sender>Platform</Sender><ResetTime>2023-09-27T11:25:32+07:00</ResetTime></ResetTerminal><ResetTerminal><Reason>Unknown</Reason><Sender>Platform</Sender><ResetTime>2023-09-27T14:18:13+07:00</ResetTime></ResetTerminal><ResetTerminal><Reason>Unknown</Reason><Sender>Platform</Sender><ResetTime>2023-09-28T01:50:42+07:00</ResetTime></ResetTerminal><ResetTerminal><Reason>Unknown</Reason><Sender>Platform</Sender><ResetTime>2023-09-29T01:50:40+07:00</ResetTime></ResetTerminal><ResetTerminal><Reason>Unknown</Reason><Sender>Platform</Sender><ResetTime>2023-09-30T01:50:39+07:00</ResetTime></ResetTerminal><ResetTerminal><Reason>Unknown</Reason><Sender>Platform</Sender><ResetTime>2023-10-01T01:50:37+07:00</ResetTime></ResetTerminal><ResetTerminal><Reason>Unknown</Reason><Sender>Platform</Sender><ResetTime>2023-10-02T01:50:35+07:00</ResetTime></ResetTerminal><ResetTerminal><Reason>Unknown</Reason><Sender>Platform</Sender><ResetTime>2023-10-03T01:50:32+07:00</ResetTime></ResetTerminal><ResetTerminal><Reason>Unknown</Reason><Sender>Platform</Sender><ResetTime>2023-10-04T01:50:31+07:00</ResetTime></ResetTerminal><ResetTerminal><Reason>Unknown</Reason><Sender>Platform</Sender><ResetTime>2023-10-05T01:50:28+07:00</ResetTime></ResetTerminal><ResetTerminal><Reason>Unknown</Reason><Sender>Platform</Sender><ResetTime>2023-10-06T01:50:28+07:00</ResetTime></ResetTerminal><ResetTerminal><Reason>Unknown</Reason><Sender>Platform</Sender><ResetTime>2023-10-07T01:50:24+07:00</ResetTime></ResetTerminal><ResetTerminal><Reason>Unknown</Reason><Sender>Platform</Sender><ResetTime>2023-10-08T01:50:23+07:00</ResetTime></ResetTerminal><ResetTerminal><Reason>Unknown</Reason><Sender>Platform</Sender><ResetTime>2023-10-09T01:50:21+07:00</ResetTime></ResetTerminal><ResetTerminal><Reason>Unknown</Reason><Sender>Platform</Sender><ResetTime>2023-10-10T01:50:18+07:00</ResetTime></ResetTerminal><ResetTerminal><Reason>Unknown</Reason><Sender>Platform</Sender><ResetTime>2023-10-10T08:58:17+07:00</ResetTime></ResetTerminal><ResetTerminal><Reason>Unknown</Reason><Sender>Platform</Sender><ResetTime>2023-10-11T01:51:05+07:00</ResetTime></ResetTerminal><ResetTerminal><Reason>Unknown</Reason><Sender>Platform</Sender><ResetTime>2023-10-12T01:53:01+07:00</ResetTime></ResetTerminal><ResetTerminal><Reason>Unknown</Reason><Sender>Platform</Sender><ResetTime>2023-10-13T01:51:01+07:00</ResetTime></ResetTerminal><ResetTerminal><Reason>Unknown</Reason><Sender>Platform</Sender><ResetTime>2023-10-14T01:50:58+07:00</ResetTime></ResetTerminal><ResetTerminal><Reason>Unknown</Reason><Sender>Platform</Sender><ResetTime>2023-10-15T01:50:56+07:00</ResetTime></ResetTerminal><ResetTerminal><Reason>Unknown</Reason><Sender>Platform</Sender><ResetTime>2023-10-16T01:50:55+07:00</ResetTime></ResetTerminal><ResetTerminal><Reason>Unknown</Reason><Sender>Platform</Sender><ResetTime>2023-10-17T01:50:53+07:00</ResetTime></ResetTerminal><ResetTerminal><Reason>Unknown</Reason><Sender>Platform</Sender><ResetTime>2023-10-18T01:50:50+07:00</ResetTime></ResetTerminal><ResetTerminal><Reason>Unknown</Reason><Sender>Platform</Sender><ResetTime>2023-10-19T01:50:50+07:00</ResetTime></ResetTerminal><ResetTerminal><Reason>Unknown</Reason><Sender>Platform</Sender><ResetTime>2023-10-20T01:50:47+07:00</ResetTime></ResetTerminal><ResetTerminal><Reason>Unknown</Reason><Sender>Platform</Sender><ResetTime>2023-10-21T01:50:45+07:00</ResetTime></ResetTerminal><ResetTerminal><Reason>Unknown</Reason><Sender>Platform</Sender><ResetTime>2023-10-22T01:50:43+07:00</ResetTime></ResetTerminal><ResetTerminal><Reason>Unknown</Reason><Sender>Platform</Sender><ResetTime>2023-10-23T01:50:41+07:00</ResetTime></ResetTerminal><ResetTerminal><Reason>Unknown</Reason><Sender>Platform</Sender><ResetTime>2023-10-24T01:50:40+07:00</ResetTime></ResetTerminal><ResetTerminal><Reason>Unknown</Reason><Sender>Platform</Sender><ResetTime>2023-10-25T01:50:38+07:00</ResetTime></ResetTerminal><ResetTerminal><Reason>Unknown</Reason><Sender>Platform</Sender><ResetTime>2023-10-25T10:28:04+07:00</ResetTime></ResetTerminal><ResetTerminal><Reason>Unknown</Reason><Sender>Platform</Sender><ResetTime>2023-10-25T10:34:40+07:00</ResetTime></ResetTerminal><ResetTerminal><Reason>Unknown</Reason><Sender>Platform</Sender><ResetTime>2023-10-26T01:51:18+07:00</ResetTime></ResetTerminal><ResetTerminal><Reason>Unknown</Reason><Sender>Platform</Sender><ResetTime>2023-10-27T01:51:16+07:00</ResetTime></ResetTerminal><ResetTerminal><Reason>Unknown</Reason><Sender>Platform</Sender><ResetTime>2023-10-28T01:51:14+07:00</ResetTime></ResetTerminal><ResetTerminal><Reason>Unknown</Reason><Sender>Platform</Sender><ResetTime>2023-10-29T01:51:13+07:00</ResetTime></ResetTerminal><ResetTerminal><Reason>Unknown</Reason><Sender>Platform</Sender><ResetTime>2023-10-30T01:51:10+07:00</ResetTime></ResetTerminal><ResetTerminal><Reason>Unknown</Reason><Sender>Platform</Sender><ResetTime>2023-10-31T01:51:08+07:00</ResetTime></ResetTerminal><ResetTerminal><Reason>Unknown</Reason><Sender>Platform</Sender><ResetTime>2023-11-01T01:51:07+07:00</ResetTime></ResetTerminal><ResetTerminal><Reason>Unknown</Reason><Sender>Platform</Sender><ResetTime>2023-11-01T17:14:21+07:00</ResetTime></ResetTerminal><ResetTerminal><Reason>Unknown</Reason><Sender>Platform</Sender><ResetTime>2023-11-02T01:51:16+07:00</ResetTime></ResetTerminal><ResetTerminal><Reason>SoftwareReplicationDone</Reason><Sender>Platform</Sender><ResetTime>2023-11-03T00:45:26+07:00</ResetTime></ResetTerminal><ResetTerminal><Reason>Unknown</Reason><Sender>Platform</Sender><ResetTime>2023-11-03T01:51:11+07:00</ResetTime></ResetTerminal><ResetTerminal><Reason>Unknown</Reason><Sender>Platform</Sender><ResetTime>2023-11-04T01:51:11+07:00</ResetTime></ResetTerminal><ResetTerminal><Reason>Unknown</Reason><Sender>Platform</Sender><ResetTime>2023-11-05T01:51:08+07:00</ResetTime></ResetTerminal><ResetTerminal><Reason>Unknown</Reason><Sender>Platform</Sender><ResetTime>2023-11-05T02:51:09+07:00</ResetTime></ResetTerminal><ResetTerminal><Reason>Unknown</Reason><Sender>Platform</Sender><ResetTime>2023-11-06T00:51:10+07:00</ResetTime></ResetTerminal><ResetTerminal><Reason>Unknown</Reason><Sender>Platform</Sender><ResetTime>2023-11-07T00:51:14+07:00</ResetTime></ResetTerminal><ResetTerminal><Reason>Unknown</Reason><Sender>Platform</Sender><ResetTime>2023-11-07T13:16:52+07:00</ResetTime></ResetTerminal><ResetTerminal><Reason>Unknown</Reason><Sender>Platform</Sender><ResetTime>2023-11-08T00:51:08+07:00</ResetTime></ResetTerminal><ResetTerminal><Reason>Unknown</Reason><Sender>Platform</Sender><ResetTime>2023-11-09T00:51:07+07:00</ResetTime></ResetTerminal><ResetTerminal><Reason>Unknown</Reason><Sender>Platform</Sender><ResetTime>2023-11-10T00:51:04+07:00</ResetTime></ResetTerminal><ResetTerminal><Reason>Unknown</Reason><Sender>Platform</Sender><ResetTime>2023-11-11T00:51:02+07:00</ResetTime></ResetTerminal><ResetTerminal><Reason>Unknown</Reason><Sender>Platform</Sender><ResetTime>2023-11-12T00:51:00+07:00</ResetTime></ResetTerminal><ResetTerminal><Reason>Unknown</Reason><Sender>Platform</Sender><ResetTime>2023-11-13T00:50:59+07:00</ResetTime></ResetTerminal><ResetTerminal><Reason>Unknown</Reason><Sender>Platform</Sender><ResetTime>2023-11-14T00:50:57+07:00</ResetTime></ResetTerminal><ResetTerminal><Reason>Unknown</Reason><Sender>Platform</Sender><ResetTime>2023-11-15T00:50:55+07:00</ResetTime></ResetTerminal><ResetTerminal><Reason>PairingConfigurationUpdated</Reason><Sender>Platform</Sender><ResetTime>2023-11-15T06:39:13+07:00</ResetTime></ResetTerminal><ResetTerminal><Reason>ConfigurationChanges</Reason><Sender>Platform</Sender><ResetTime>2023-11-15T07:21:51+07:00</ResetTime></ResetTerminal><ResetTerminal><Reason>PairingConfigurationUpdated</Reason><Sender>Platform</Sender><ResetTime>2023-11-15T22:04:51+07:00</ResetTime></ResetTerminal><ResetTerminal><Reason>Unknown</Reason><Sender>Platform</Sender><ResetTime>2023-11-16T00:51:07+07:00</ResetTime></ResetTerminal><ResetTerminal><Reason>Unknown</Reason><Sender>Platform</Sender><ResetTime>2023-11-17T00:51:05+07:00</ResetTime></ResetTerminal><ResetTerminal><Reason>Unknown</Reason><Sender>Platform</Sender><ResetTime>2023-11-18T00:51:03+07:00</ResetTime></ResetTerminal><ResetTerminal><Reason>Unknown</Reason><Sender>Platform</Sender><ResetTime>2023-11-19T00:51:01+07:00</ResetTime></ResetTerminal><ResetTerminal><Reason>Unknown</Reason><Sender>Platform</Sender><ResetTime>2023-11-20T00:50:59+07:00</ResetTime></ResetTerminal><ResetTerminal><Reason>Unknown</Reason><Sender>Platform</Sender><ResetTime>2023-11-21T00:50:57+07:00</ResetTime></ResetTerminal><ResetTerminal><Reason>Unknown</Reason><Sender>Platform</Sender><ResetTime>2023-11-22T00:50:56+07:00</ResetTime></ResetTerminal><ResetTerminal><Reason>Unknown</Reason><Sender>Platform</Sender><ResetTime>2023-11-23T00:50:54+07:00</ResetTime></ResetTerminal><ResetTerminal><Reason>Unknown</Reason><Sender>Platform</Sender><ResetTime>2023-11-24T00:50:52+07:00</ResetTime></ResetTerminal><ResetTerminal><Reason>Unknown</Reason><Sender>Platform</Sender><ResetTime>2023-11-25T00:50:50+07:00</ResetTime></ResetTerminal><ResetTerminal><Reason>Unknown</Reason><Sender>Platform</Sender><ResetTime>2023-11-26T00:50:50+07:00</ResetTime></ResetTerminal><ResetTerminal><Reason>Unknown</Reason><Sender>Platform</Sender><ResetTime>2023-11-27T00:50:48+07:00</ResetTime></ResetTerminal><ResetTerminal><Reason>Unknown</Reason><Sender>Platform</Sender><ResetTime>2023-11-28T00:50:45+07:00</ResetTime></ResetTerminal><ResetTerminal><Reason>Unknown</Reason><Sender>Platform</Sender><ResetTime>2023-11-29T00:50:43+07:00</ResetTime></ResetTerminal><ResetTerminal><Reason>Unknown</Reason><Sender>Platform</Sender><ResetTime>2023-11-30T00:50:39+07:00</ResetTime></ResetTerminal><ResetTerminal><Reason>Unknown</Reason><Sender>Platform</Sender><ResetTime>2023-12-01T00:50:38+07:00</ResetTime></ResetTerminal><ResetTerminal><Reason>Unknown</Reason><Sender>Platform</Sender><ResetTime>2023-12-02T00:50:37+07:00</ResetTime></ResetTerminal><ResetTerminal><Reason>Unknown</Reason><Sender>Platform</Sender><ResetTime>2023-12-03T00:50:34+07:00</ResetTime></ResetTerminal><ResetTerminal><Reason>Unknown</Reason><Sender>Platform</Sender><ResetTime>2023-12-04T00:50:33+07:00</ResetTime></ResetTerminal><ResetTerminal><Reason>Unknown</Reason><Sender>Platform</Sender><ResetTime>2023-12-05T00:50:31+07:00</ResetTime></ResetTerminal><ResetTerminal><Reason>Unknown</Reason><Sender>Platform</Sender><ResetTime>2023-12-06T00:50:29+07:00</ResetTime></ResetTerminal><ResetTerminal><Reason>Unknown</Reason><Sender>Platform</Sender><ResetTime>2023-12-07T00:50:26+07:00</ResetTime></ResetTerminal><ResetTerminal><Reason>Unknown</Reason><Sender>Platform</Sender><ResetTime>2023-12-08T00:50:25+07:00</ResetTime></ResetTerminal><ResetTerminal><Reason>Unknown</Reason><Sender>Platform</Sender><ResetTime>2023-12-08T17:10:47+07:00</ResetTime></ResetTerminal><ResetTerminal><Reason>Unknown</Reason><Sender>Platform</Sender><ResetTime>2023-12-09T00:50:56+07:00</ResetTime></ResetTerminal><ResetTerminal><Reason>Unknown</Reason><Sender>Platform</Sender><ResetTime>2023-12-10T00:50:52+07:00</ResetTime></ResetTerminal><ResetTerminal><Reason>Unknown</Reason><Sender>Platform</Sender><ResetTime>2023-12-11T00:50:52+07:00</ResetTime></ResetTerminal><ResetTerminal><Reason>Unknown</Reason><Sender>Platform</Sender><ResetTime>2023-12-12T00:50:48+07:00</ResetTime></ResetTerminal><ResetTerminal><Reason>Unknown</Reason><Sender>Platform</Sender><ResetTime>2023-12-13T00:50:47+07:00</ResetTime></ResetTerminal><ResetTerminal><Reason>Unknown</Reason><Sender>Platform</Sender><ResetTime>2023-12-14T00:50:45+07:00</ResetTime></ResetTerminal><ResetTerminal><Reason>Unknown</Reason><Sender>Platform</Sender><ResetTime>2023-12-15T00:50:44+07:00</ResetTime></ResetTerminal><ResetTerminal><Reason>Unknown</Reason><Sender>Platform</Sender><ResetTime>2023-12-16T00:50:42+07:00</ResetTime></ResetTerminal><ResetTerminal><Reason>Unknown</Reason><Sender>Platform</Sender><ResetTime>2023-12-17T00:50:39+07:00</ResetTime></ResetTerminal><ResetTerminal><Reason>Unknown</Reason><Sender>Platform</Sender><ResetTime>2023-12-18T00:50:37+07:00</ResetTime></ResetTerminal><ResetTerminal><Reason>Unknown</Reason><Sender>Platform</Sender><ResetTime>2023-12-19T00:50:36+07:00</ResetTime></ResetTerminal><ResetTerminal><Reason>Unknown</Reason><Sender>Platform</Sender><ResetTime>2023-12-20T00:50:35+07:00</ResetTime></ResetTerminal><ResetTerminal><Reason>Unknown</Reason><Sender>Platform</Sender><ResetTime>2023-12-21T00:50:32+07:00</ResetTime></ResetTerminal><ResetTerminal><Reason>Unknown</Reason><Sender>Platform</Sender><ResetTime>2023-12-22T00:50:31+07:00</ResetTime></ResetTerminal><ResetTerminal><Reason>Unknown</Reason><Sender>Platform</Sender><ResetTime>2023-12-23T00:50:29+07:00</ResetTime></ResetTerminal><ResetTerminal><Reason>Unknown</Reason><Sender>Platform</Sender><ResetTime>2023-12-24T00:50:27+07:00</ResetTime></ResetTerminal><ResetTerminal><Reason>Unknown</Reason><Sender>Platform</Sender><ResetTime>2023-12-25T00:50:25+07:00</ResetTime></ResetTerminal><ResetTerminal><Reason>Unknown</Reason><Sender>Platform</Sender><ResetTime>2023-12-26T00:50:25+07:00</ResetTime></ResetTerminal><ResetTerminal><Reason>Unknown</Reason><Sender>Platform</Sender><ResetTime>2023-12-27T00:50:22+07:00</ResetTime></ResetTerminal><ResetTerminal><Reason>Unknown</Reason><Sender>Platform</Sender><ResetTime>2023-12-28T00:50:20+07:00</ResetTime></ResetTerminal><ResetTerminal><Reason>Unknown</Reason><Sender>Platform</Sender><ResetTime>2023-12-29T00:50:18+07:00</ResetTime></ResetTerminal><ResetTerminal><Reason>Unknown</Reason><Sender>Platform</Sender><ResetTime>2023-12-30T00:50:16+07:00</ResetTime></ResetTerminal><ResetTerminal><Reason>Unknown</Reason><Sender>Platform</Sender><ResetTime>2023-12-31T00:50:16+07:00</ResetTime></ResetTerminal><ResetTerminal><Reason>Unknown</Reason><Sender>Platform</Sender><ResetTime>2024-01-01T00:50:13+07:00</ResetTime></ResetTerminal><ResetTerminal><Reason>Unknown</Reason><Sender>Platform</Sender><ResetTime>2024-01-02T00:50:11+07:00</ResetTime></ResetTerminal><ResetTerminal><Reason>Unknown</Reason><Sender>Platform</Sender><ResetTime>2024-01-03T00:50:09+07:00</ResetTime></ResetTerminal><ResetTerminal><Reason>Unknown</Reason><Sender>Platform</Sender><ResetTime>2024-01-04T00:50:07+07:00</ResetTime></ResetTerminal><ResetTerminal><Reason>Unknown</Reason><Sender>Platform</Sender><ResetTime>2024-01-05T00:50:05+07:00</ResetTime></ResetTerminal><ResetTerminal><Reason>Unknown</Reason><Sender>Platform</Sender><ResetTime>2024-01-06T00:50:03+07:00</ResetTime></ResetTerminal><ResetTerminal><Reason>Unknown</Reason><Sender>Platform</Sender><ResetTime>2024-01-07T00:50:02+07:00</ResetTime></ResetTerminal><ResetTerminal><Reason>Unknown</Reason><Sender>Platform</Sender><ResetTime>2024-01-08T00:50:00+07:00</ResetTime></ResetTerminal><ResetTerminal><Reason>Unknown</Reason><Sender>Platform</Sender><ResetTime>2024-01-09T00:49:59+07:00</ResetTime></ResetTerminal><ResetTerminal><Reason>Unknown</Reason><Sender>Platform</Sender><ResetTime>2024-01-10T00:49:56+07:00</ResetTime></ResetTerminal><ResetTerminal><Reason>Unknown</Reason><Sender>Platform</Sender><ResetTime>2024-01-11T00:49:54+07:00</ResetTime></ResetTerminal><ResetTerminal><Reason>Unknown</Reason><Sender>Platform</Sender><ResetTime>2024-01-12T00:49:52+07:00</ResetTime></ResetTerminal><ResetTerminal><Reason>Unknown</Reason><Sender>Platform</Sender><ResetTime>2024-01-13T00:49:50+07:00</ResetTime></ResetTerminal><ResetTerminal><Reason>Unknown</Reason><Sender>Platform</Sender><ResetTime>2024-01-14T00:49:48+07:00</ResetTime></ResetTerminal><ResetTerminal><Reason>Unknown</Reason><Sender>Platform</Sender><ResetTime>2024-01-15T00:49:47+07:00</ResetTime></ResetTerminal><ResetTerminal><Reason>Unknown</Reason><Sender>Platform</Sender><ResetTime>2024-01-16T00:49:44+07:00</ResetTime></ResetTerminal><ResetTerminal><Reason>Unknown</Reason><Sender>Platform</Sender><ResetTime>2024-01-17T00:49:42+07:00</ResetTime></ResetTerminal><ResetTerminal><Reason>Unknown</Reason><Sender>Platform</Sender><ResetTime>2024-01-18T00:49:41+07:00</ResetTime></ResetTerminal><ResetTerminal><Reason>Unknown</Reason><Sender>Platform</Sender><ResetTime>2024-01-19T00:49:39+07:00</ResetTime></ResetTerminal><ResetTerminal><Reason>Unknown</Reason><Sender>Platform</Sender><ResetTime>2024-01-20T00:49:37+07:00</ResetTime></ResetTerminal><ResetTerminal><Reason>Unknown</Reason><Sender>Platform</Sender><ResetTime>2024-01-21T00:49:36+07:00</ResetTime></ResetTerminal><ResetTerminal><Reason>Unknown</Reason><Sender>Platform</Sender><ResetTime>2024-01-22T00:49:33+07:00</ResetTime></ResetTerminal><ResetTerminal><Reason>Unknown</Reason><Sender>Platform</Sender><ResetTime>2024-01-23T00:49:32+07:00</ResetTime></ResetTerminal><ResetTerminal><Reason>Unknown</Reason><Sender>Platform</Sender><ResetTime>2024-01-24T00:49:30+07:00</ResetTime></ResetTerminal><ResetTerminal><Reason>Unknown</Reason><Sender>Platform</Sender><ResetTime>2024-01-25T00:49:28+07:00</ResetTime></ResetTerminal><ResetTerminal><Reason>Unknown</Reason><Sender>Platform</Sender><ResetTime>2024-01-26T00:49:27+07:00</ResetTime></ResetTerminal><ResetTerminal><Reason>Unknown</Reason><Sender>Platform</Sender><ResetTime>2024-01-27T00:49:25+07:00</ResetTime></ResetTerminal><ResetTerminal><Reason>Unknown</Reason><Sender>Platform</Sender><ResetTime>2024-01-28T00:49:23+07:00</ResetTime></ResetTerminal><ResetTerminal><Reason>Unknown</Reason><Sender>Platform</Sender><ResetTime>2024-01-29T00:49:21+07:00</ResetTime></ResetTerminal><ResetTerminal><Reason>Unknown</Reason><Sender>Platform</Sender><ResetTime>2024-01-30T00:49:19+07:00</ResetTime></ResetTerminal><ResetTerminal><Reason>Unknown</Reason><Sender>Platform</Sender><ResetTime>2024-01-31T00:49:17+07:00</ResetTime></ResetTerminal><ResetTerminal><Reason>Unknown</Reason><Sender>Platform</Sender><ResetTime>2024-02-01T00:49:15+07:00</ResetTime></ResetTerminal><ResetTerminal><Reason>Unknown</Reason><Sender>Platform</Sender><ResetTime>2024-02-02T00:49:14+07:00</ResetTime></ResetTerminal><ResetTerminal><Reason>Unknown</Reason><Sender>Platform</Sender><ResetTime>2024-02-03T00:49:11+07:00</ResetTime></ResetTerminal><ResetTerminal><Reason>Unknown</Reason><Sender>Platform</Sender><ResetTime>2024-02-04T00:49:09+07:00</ResetTime></ResetTerminal><ResetTerminal><Reason>Unknown</Reason><Sender>Platform</Sender><ResetTime>2024-02-04T17:55:06+07:00</ResetTime></ResetTerminal><ResetTerminal><Reason>Unknown</Reason><Sender>Platform</Sender><ResetTime>2024-02-05T00:49:48+07:00</ResetTime></ResetTerminal><ResetTerminal><Reason>Unknown</Reason><Sender>Platform</Sender><ResetTime>2024-02-05T08:36:33+07:00</ResetTime></ResetTerminal><ResetTerminal><Reason>Unknown</Reason><Sender>Platform</Sender><ResetTime>2024-02-06T00:49:44+07:00</ResetTime></ResetTerminal><ResetTerminal><Reason>Unknown</Reason><Sender>Platform</Sender><ResetTime>2024-02-07T00:49:43+07:00</ResetTime></ResetTerminal><ResetTerminal><Reason>Unknown</Reason><Sender>Platform</Sender><ResetTime>2024-02-08T00:49:40+07:00</ResetTime></ResetTerminal><ResetTerminal><Reason>Unknown</Reason><Sender>Platform</Sender><ResetTime>2024-02-09T00:49:39+07:00</ResetTime></ResetTerminal><ResetTerminal><Reason>Unknown</Reason><Sender>Platform</Sender><ResetTime>2024-02-10T00:49:36+07:00</ResetTime></ResetTerminal><ResetTerminal><Reason>Unknown</Reason><Sender>Platform</Sender><ResetTime>2024-02-11T00:49:34+07:00</ResetTime></ResetTerminal><ResetTerminal><Reason>Unknown</Reason><Sender>Platform</Sender><ResetTime>2024-02-12T00:49:33+07:00</ResetTime></ResetTerminal><ResetTerminal><Reason>Unknown</Reason><Sender>Platform</Sender><ResetTime>2024-02-13T00:49:31+07:00</ResetTime></ResetTerminal><ResetTerminal><Reason>Unknown</Reason><Sender>Platform</Sender><ResetTime>2024-02-14T00:49:30+07:00</ResetTime></ResetTerminal><ResetTerminal><Reason>Unknown</Reason><Sender>Platform</Sender><ResetTime>2024-02-15T00:49:27+07:00</ResetTime></ResetTerminal><ResetTerminal><Reason>Unknown</Reason><Sender>Platform</Sender><ResetTime>2024-02-16T00:49:26+07:00</ResetTime></ResetTerminal><ResetTerminal><Reason>Unknown</Reason><Sender>Platform</Sender><ResetTime>2024-02-17T00:49:23+07:00</ResetTime></ResetTerminal><ResetTerminal><Reason>Unknown</Reason><Sender>Platform</Sender><ResetTime>2024-02-18T00:49:23+07:00</ResetTime></ResetTerminal><ResetTerminal><Reason>Unknown</Reason><Sender>Platform</Sender><ResetTime>2024-02-19T00:49:19+07:00</ResetTime></ResetTerminal><ResetTerminal><Reason>Unknown</Reason><Sender>Platform</Sender><ResetTime>2024-02-20T00:49:18+07:00</ResetTime></ResetTerminal><ResetTerminal><Reason>Unknown</Reason><Sender>Platform</Sender><ResetTime>2024-02-20T08:11:30+07:00</ResetTime></ResetTerminal><ResetTerminal><Reason>SoftwareReplicationDone</Reason><Sender>Platform</Sender><ResetTime>2024-02-20T08:32:25+07:00</ResetTime></ResetTerminal><ResetTerminal><Reason>Unknown</Reason><Sender>Platform</Sender><ResetTime>2024-02-21T00:49:17+07:00</ResetTime></ResetTerminal><ResetTerminal><Reason>SoftwareReplicationDone</Reason><Sender>Platform</Sender><ResetTime>2024-02-22T00:14:37+07:00</ResetTime></ResetTerminal><ResetTerminal><Reason>SVMX Reset request 2/22/2024 1:49:08 AM</Reason><Sender>Platform</Sender><ResetTime>2024-02-22T00:49:16+07:00</ResetTime></ResetTerminal><ResetTerminal><Reason>SVMX Reset request 2/23/2024 1:49:06 AM</Reason><Sender>Platform</Sender><ResetTime>2024-02-23T00:49:14+07:00</ResetTime></ResetTerminal><ResetTerminal><Reason>SVMX Reset request 2/24/2024 1:49:05 AM</Reason><Sender>Platform</Sender><ResetTime>2024-02-24T00:49:12+07:00</ResetTime></ResetTerminal><ResetTerminal><Reason>SVMX Reset request 2/25/2024 1:49:02 AM</Reason><Sender>Platform</Sender><ResetTime>2024-02-25T00:49:10+07:00</ResetTime></ResetTerminal><ResetTerminal><Reason>SVMX Reset request 2/26/2024 1:49:01 AM</Reason><Sender>Platform</Sender><ResetTime>2024-02-26T00:49:09+07:00</ResetTime></ResetTerminal><ResetTerminal><Reason>SVMX Reset request 2/27/2024 1:48:58 AM</Reason><Sender>Platform</Sender><ResetTime>2024-02-27T00:49:06+07:00</ResetTime></ResetTerminal><ResetTerminal><Reason>SVMX Reset request 2/27/2024 5:14:04 PM</Reason><Sender>Platform</Sender><ResetTime>2024-02-27T16:14:18+07:00</ResetTime></ResetTerminal><ResetTerminal><Reason>SVMX Reset request 2/28/2024 1:49:23 AM</Reason><Sender>Platform</Sender><ResetTime>2024-02-28T00:49:31+07:00</ResetTime></ResetTerminal><ResetTerminal><Reason>SVMX Reset request 2/29/2024 1:49:22 AM</Reason><Sender>Platform</Sender><ResetTime>2024-02-29T00:49:30+07:00</ResetTime></ResetTerminal><ResetTerminal><Reason>SVMX Reset request 3/1/2024 1:49:20 AM</Reason><Sender>Platform</Sender><ResetTime>2024-03-01T00:49:28+07:00</ResetTime></ResetTerminal><ResetTerminal><Reason>SVMX Reset request 3/2/2024 1:49:19 AM</Reason><Sender>Platform</Sender><ResetTime>2024-03-02T00:49:27+07:00</ResetTime></ResetTerminal><ResetTerminal><Reason>SVMX Reset request 3/3/2024 1:49:16 AM</Reason><Sender>Platform</Sender><ResetTime>2024-03-03T00:49:24+07:00</ResetTime></ResetTerminal><ResetTerminal><Reason>SVMX Reset request 3/4/2024 1:49:14 AM</Reason><Sender>Platform</Sender><ResetTime>2024-03-04T00:49:22+07:00</ResetTime></ResetTerminal><ResetTerminal><Reason>SVMX Reset request 3/5/2024 2:08:55 AM</Reason><Sender>Platform</Sender><ResetTime>2024-03-05T01:09:03+07:00</ResetTime></ResetTerminal><ResetTerminal><Reason>SVMX Reset request 3/5/2024 10:32:51 AM</Reason><Sender>Platform</Sender><ResetTime>2024-03-05T09:32:58+07:00</ResetTime></ResetTerminal><ResetTerminal><Reason>SVMX Reset request 3/6/2024 2:08:57 AM</Reason><Sender>Platform</Sender><ResetTime>2024-03-06T01:09:05+07:00</ResetTime></ResetTerminal><ResetTerminal><Reason>SVMX Reset request 3/7/2024 2:08:56 AM</Reason><Sender>Platform</Sender><ResetTime>2024-03-07T01:09:04+07:00</ResetTime></ResetTerminal><ResetTerminal><Reason>SVMX Reset request 3/8/2024 2:08:53 AM</Reason><Sender>Platform</Sender><ResetTime>2024-03-08T01:09:01+07:00</ResetTime></ResetTerminal><ResetTerminal><Reason>SVMX Reset request 3/9/2024 2:08:53 AM</Reason><Sender>Platform</Sender><ResetTime>2024-03-09T01:09:01+07:00</ResetTime></ResetTerminal><ResetTerminal><Reason>SVMX Reset request 3/10/2024 2:08:51 AM</Reason><Sender>Platform</Sender><ResetTime>2024-03-10T01:08:59+07:00</ResetTime></ResetTerminal><ResetTerminal><Reason>SVMX Reset request 3/11/2024 3:08:47 AM</Reason><Sender>Platform</Sender><ResetTime>2024-03-11T02:08:55+07:00</ResetTime></ResetTerminal><ResetTerminal><Reason>SVMX Reset request 3/12/2024 2:08:47 AM</Reason><Sender>Platform</Sender><ResetTime>2024-03-12T02:08:55+07:00</ResetTime></ResetTerminal><ResetTerminal><Reason>SVMX Reset request 3/13/2024 2:08:44 AM</Reason><Sender>Platform</Sender><ResetTime>2024-03-13T02:08:52+07:00</ResetTime></ResetTerminal></ArrayOfResetTerminal>