<?xml version="1.0" encoding="utf-8"?>
<MediaContent xmlns:xsi="http://www.w3.org/2001/XMLSchema-instance" xmlns:xsd="http://www.w3.org/2001/XMLSchema">
  <FileInfo>
    <Version>1</Version>
  </FileInfo>
  <PlayList StartDateTime="2022-08-08T00:00:00" EndDateTime="2024-08-23T23:59:59">
    <Advertise>
      <State Name="Fueling">
        <Slot TimeSlotID="4b33b59c-5c21-197f-0040-41559a50aaff" DaySlotID="c5eeed59-1c42-8f15-a6e5-b7ca95526b93">
          <MediaData ReferenceNumber="91597c2a-9688-457e-8ed7-cb204e8e2ceb" Duration="5" Loop="1">aga_clean_3d60.png</MediaData>
          <MediaData ReferenceNumber="8a2b631a-926a-4b47-b68d-3d692eb539f5" Duration="5" Loop="1">Graphic-SodaV1-Anthem_3d60.png</MediaData>
          <MediaData ReferenceNumber="943f160f-e90a-4131-9b29-fc7926697c92" Duration="5" Loop="1">ADA_Cleanliness_3d60.png</MediaData>
          <MediaData ReferenceNumber="0d369f31-cfa6-4aad-a71d-471cd7f4ef39" Duration="5" Loop="1">Graphic-Snacks-Anthem_3d60.png</MediaData>
        </Slot>
      </State>
    </Advertise>
  </PlayList>
  <TimeSlots>
    <TimeSlot ID="4b33b59c-5c21-197f-0040-41559a50aaff" StartTime="00:00:00" EndTime="23:59:00" />
  </TimeSlots>
  <DaySlots>
    <DaySlot ID="c5eeed59-1c42-8f15-a6e5-b7ca95526b93" Sunday="true" Monday="true" Tuesday="true" Wednesday="true" Thursday="true" Friday="true" Saturday="true" />
  </DaySlots>
</MediaContent>