{
  "PromptScheme": 2,
  "ISenseController": {
    "FetchLogsTimeout": "00:01:20",
    "IoTHubHost": "dataservices-eastus.azure-devices.net",
    "DeviceSvcUri": "https://api.dataservices.doverfs.com:8863/"
  },
  "GsdgApi": {
    "IpAddress": "10.152.2.47",
    "Port": 44340,
    "UseTls": true
  },
  "CameraFrameRotation": 3,
  "Intercom": {
    "IsEnabled": false,
    "ActiveInterval": 1000
  },
  "Totalizer": {
    "IsEnabled": false,
    "ActiveInterval": 5000
  },
  "VolumeControl": {
    "DefaultVolumeLevel": 50,
    "MinVolumeLevel": 0,
    "MaxVolumeLevel": 50
  },
  "LoggerConfiguration": {
    "MinLogLevel": 1
  }
}