{
  "DispenserSide": 1,
  "ControlProtocol": 2,
  "FdclEndpointActorConfiguration": {
    "FdcAddress": "",
    "FdcPort": "1235",
    "UseTls": false,
    "CertificatesStorePath": "%Config%",
    "CertificateFileName": ""
  },
  "LogicalNozzleMapToGrades": {
    "1. Logical nozzle, Physical nozzle 1, Switch 0": {
      "FuelGrade": {
        "PossibleValues": [
          "Not Configured",
          "diesel:85",
          "diesel:86",
          "diesel:87",
          "diesel:88",
          "diesel:89",
          "diesel:90",
          "diesel:91",
          "diesel:92",
          "diesel:93",
          "diesel:94",
          "diesel:diesel",
          "diesel:diesel2",
          "diesel:e15",
          "diesel:e85",
          "diesel2:85",
          "diesel2:86",
          "diesel2:87",
          "diesel2:88",
          "diesel2:89",
          "diesel2:90",
          "diesel2:91",
          "diesel2:92",
          "diesel2:93",
          "diesel2:94",
          "diesel2:diesel",
          "diesel2:diesel2",
          "diesel2:e15",
          "diesel2:e85",
          "e15:85",
          "e15:86",
          "e15:87",
          "e15:88",
          "e15:89",
          "e15:90",
          "e15:91",
          "e15:92",
          "e15:93",
          "e15:94",
          "e15:diesel",
          "e15:diesel2",
          "e15:e15",
          "e15:e85",
          "e85:85",
          "e85:86",
          "e85:87",
          "e85:88",
          "e85:89",
          "e85:90",
          "e85:91",
          "e85:92",
          "e85:93",
          "e85:94",
          "e85:diesel",
          "e85:diesel2",
          "e85:e15",
          "e85:e85",
          "plus:85",
          "plus:86",
          "plus:87",
          "plus:88",
          "plus:89",
          "plus:90",
          "plus:91",
          "plus:92",
          "plus:93",
          "plus:94",
          "plus:diesel",
          "plus:diesel2",
          "plus:e15",
          "plus:e85",
          "plusnoethanol:85",
          "plusnoethanol:86",
          "plusnoethanol:87",
          "plusnoethanol:88",
          "plusnoethanol:89",
          "plusnoethanol:90",
          "plusnoethanol:91",
          "plusnoethanol:92",
          "plusnoethanol:93",
          "plusnoethanol:94",
          "plusnoethanol:diesel",
          "plusnoethanol:diesel2",
          "plusnoethanol:e15",
          "plusnoethanol:e85",
          "premium:85",
          "premium:86",
          "premium:87",
          "premium:88",
          "premium:89",
          "premium:90",
          "premium:91",
          "premium:92",
          "premium:93",
          "premium:94",
          "premium:diesel",
          "premium:diesel2",
          "premium:e15",
          "premium:e85",
          "premiumnoethanol:85",
          "premiumnoethanol:86",
          "premiumnoethanol:87",
          "premiumnoethanol:88",
          "premiumnoethanol:89",
          "premiumnoethanol:90",
          "premiumnoethanol:91",
          "premiumnoethanol:92",
          "premiumnoethanol:93",
          "premiumnoethanol:94",
          "premiumnoethanol:diesel",
          "premiumnoethanol:diesel2",
          "premiumnoethanol:e15",
          "premiumnoethanol:e85",
          "regular:85",
          "regular:86",
          "regular:87",
          "regular:88",
          "regular:89",
          "regular:90",
          "regular:91",
          "regular:92",
          "regular:93",
          "regular:94",
          "regular:diesel",
          "regular:diesel2",
          "regular:e15",
          "regular:e85",
          "regularnoethanol:85",
          "regularnoethanol:86",
          "regularnoethanol:87",
          "regularnoethanol:88",
          "regularnoethanol:89",
          "regularnoethanol:90",
          "regularnoethanol:91",
          "regularnoethanol:92",
          "regularnoethanol:93",
          "regularnoethanol:94",
          "regularnoethanol:diesel",
          "regularnoethanol:diesel2",
          "regularnoethanol:e15",
          "regularnoethanol:e85"
        ],
        "Value": "diesel:diesel"
      },
      "PhysicalNozzlePosition": 2,
      "SortOrder": 1
    },
    "4. Logical nozzle, Physical nozzle 2, Switch 5": {
      "FuelGrade": {
        "PossibleValues": [
          "Not Configured",
          "diesel:85",
          "diesel:86",
          "diesel:87",
          "diesel:88",
          "diesel:89",
          "diesel:90",
          "diesel:91",
          "diesel:92",
          "diesel:93",
          "diesel:94",
          "diesel:diesel",
          "diesel:diesel2",
          "diesel:e15",
          "diesel:e85",
          "diesel2:85",
          "diesel2:86",
          "diesel2:87",
          "diesel2:88",
          "diesel2:89",
          "diesel2:90",
          "diesel2:91",
          "diesel2:92",
          "diesel2:93",
          "diesel2:94",
          "diesel2:diesel",
          "diesel2:diesel2",
          "diesel2:e15",
          "diesel2:e85",
          "e15:85",
          "e15:86",
          "e15:87",
          "e15:88",
          "e15:89",
          "e15:90",
          "e15:91",
          "e15:92",
          "e15:93",
          "e15:94",
          "e15:diesel",
          "e15:diesel2",
          "e15:e15",
          "e15:e85",
          "e85:85",
          "e85:86",
          "e85:87",
          "e85:88",
          "e85:89",
          "e85:90",
          "e85:91",
          "e85:92",
          "e85:93",
          "e85:94",
          "e85:diesel",
          "e85:diesel2",
          "e85:e15",
          "e85:e85",
          "plus:85",
          "plus:86",
          "plus:87",
          "plus:88",
          "plus:89",
          "plus:90",
          "plus:91",
          "plus:92",
          "plus:93",
          "plus:94",
          "plus:diesel",
          "plus:diesel2",
          "plus:e15",
          "plus:e85",
          "plusnoethanol:85",
          "plusnoethanol:86",
          "plusnoethanol:87",
          "plusnoethanol:88",
          "plusnoethanol:89",
          "plusnoethanol:90",
          "plusnoethanol:91",
          "plusnoethanol:92",
          "plusnoethanol:93",
          "plusnoethanol:94",
          "plusnoethanol:diesel",
          "plusnoethanol:diesel2",
          "plusnoethanol:e15",
          "plusnoethanol:e85",
          "premium:85",
          "premium:86",
          "premium:87",
          "premium:88",
          "premium:89",
          "premium:90",
          "premium:91",
          "premium:92",
          "premium:93",
          "premium:94",
          "premium:diesel",
          "premium:diesel2",
          "premium:e15",
          "premium:e85",
          "premiumnoethanol:85",
          "premiumnoethanol:86",
          "premiumnoethanol:87",
          "premiumnoethanol:88",
          "premiumnoethanol:89",
          "premiumnoethanol:90",
          "premiumnoethanol:91",
          "premiumnoethanol:92",
          "premiumnoethanol:93",
          "premiumnoethanol:94",
          "premiumnoethanol:diesel",
          "premiumnoethanol:diesel2",
          "premiumnoethanol:e15",
          "premiumnoethanol:e85",
          "regular:85",
          "regular:86",
          "regular:87",
          "regular:88",
          "regular:89",
          "regular:90",
          "regular:91",
          "regular:92",
          "regular:93",
          "regular:94",
          "regular:diesel",
          "regular:diesel2",
          "regular:e15",
          "regular:e85",
          "regularnoethanol:85",
          "regularnoethanol:86",
          "regularnoethanol:87",
          "regularnoethanol:88",
          "regularnoethanol:89",
          "regularnoethanol:90",
          "regularnoethanol:91",
          "regularnoethanol:92",
          "regularnoethanol:93",
          "regularnoethanol:94",
          "regularnoethanol:diesel",
          "regularnoethanol:diesel2",
          "regularnoethanol:e15",
          "regularnoethanol:e85"
        ],
        "Value": "premium:93"
      },
      "PhysicalNozzlePosition": 3,
      "SortOrder": 5
    },
    "5. Logical nozzle, Physical nozzle 2, Switch 4": {
      "FuelGrade": {
        "PossibleValues": [
          "Not Configured",
          "diesel:85",
          "diesel:86",
          "diesel:87",
          "diesel:88",
          "diesel:89",
          "diesel:90",
          "diesel:91",
          "diesel:92",
          "diesel:93",
          "diesel:94",
          "diesel:diesel",
          "diesel:diesel2",
          "diesel:e15",
          "diesel:e85",
          "diesel2:85",
          "diesel2:86",
          "diesel2:87",
          "diesel2:88",
          "diesel2:89",
          "diesel2:90",
          "diesel2:91",
          "diesel2:92",
          "diesel2:93",
          "diesel2:94",
          "diesel2:diesel",
          "diesel2:diesel2",
          "diesel2:e15",
          "diesel2:e85",
          "e15:85",
          "e15:86",
          "e15:87",
          "e15:88",
          "e15:89",
          "e15:90",
          "e15:91",
          "e15:92",
          "e15:93",
          "e15:94",
          "e15:diesel",
          "e15:diesel2",
          "e15:e15",
          "e15:e85",
          "e85:85",
          "e85:86",
          "e85:87",
          "e85:88",
          "e85:89",
          "e85:90",
          "e85:91",
          "e85:92",
          "e85:93",
          "e85:94",
          "e85:diesel",
          "e85:diesel2",
          "e85:e15",
          "e85:e85",
          "plus:85",
          "plus:86",
          "plus:87",
          "plus:88",
          "plus:89",
          "plus:90",
          "plus:91",
          "plus:92",
          "plus:93",
          "plus:94",
          "plus:diesel",
          "plus:diesel2",
          "plus:e15",
          "plus:e85",
          "plusnoethanol:85",
          "plusnoethanol:86",
          "plusnoethanol:87",
          "plusnoethanol:88",
          "plusnoethanol:89",
          "plusnoethanol:90",
          "plusnoethanol:91",
          "plusnoethanol:92",
          "plusnoethanol:93",
          "plusnoethanol:94",
          "plusnoethanol:diesel",
          "plusnoethanol:diesel2",
          "plusnoethanol:e15",
          "plusnoethanol:e85",
          "premium:85",
          "premium:86",
          "premium:87",
          "premium:88",
          "premium:89",
          "premium:90",
          "premium:91",
          "premium:92",
          "premium:93",
          "premium:94",
          "premium:diesel",
          "premium:diesel2",
          "premium:e15",
          "premium:e85",
          "premiumnoethanol:85",
          "premiumnoethanol:86",
          "premiumnoethanol:87",
          "premiumnoethanol:88",
          "premiumnoethanol:89",
          "premiumnoethanol:90",
          "premiumnoethanol:91",
          "premiumnoethanol:92",
          "premiumnoethanol:93",
          "premiumnoethanol:94",
          "premiumnoethanol:diesel",
          "premiumnoethanol:diesel2",
          "premiumnoethanol:e15",
          "premiumnoethanol:e85",
          "regular:85",
          "regular:86",
          "regular:87",
          "regular:88",
          "regular:89",
          "regular:90",
          "regular:91",
          "regular:92",
          "regular:93",
          "regular:94",
          "regular:diesel",
          "regular:diesel2",
          "regular:e15",
          "regular:e85",
          "regularnoethanol:85",
          "regularnoethanol:86",
          "regularnoethanol:87",
          "regularnoethanol:88",
          "regularnoethanol:89",
          "regularnoethanol:90",
          "regularnoethanol:91",
          "regularnoethanol:92",
          "regularnoethanol:93",
          "regularnoethanol:94",
          "regularnoethanol:diesel",
          "regularnoethanol:diesel2",
          "regularnoethanol:e15",
          "regularnoethanol:e85"
        ],
        "Value": "plus:89"
      },
      "PhysicalNozzlePosition": 3,
      "SortOrder": 4
    },
    "6. Logical nozzle, Physical nozzle 2, Switch 3": {
      "FuelGrade": {
        "PossibleValues": [
          "Not Configured",
          "diesel:85",
          "diesel:86",
          "diesel:87",
          "diesel:88",
          "diesel:89",
          "diesel:90",
          "diesel:91",
          "diesel:92",
          "diesel:93",
          "diesel:94",
          "diesel:diesel",
          "diesel:diesel2",
          "diesel:e15",
          "diesel:e85",
          "diesel2:85",
          "diesel2:86",
          "diesel2:87",
          "diesel2:88",
          "diesel2:89",
          "diesel2:90",
          "diesel2:91",
          "diesel2:92",
          "diesel2:93",
          "diesel2:94",
          "diesel2:diesel",
          "diesel2:diesel2",
          "diesel2:e15",
          "diesel2:e85",
          "e15:85",
          "e15:86",
          "e15:87",
          "e15:88",
          "e15:89",
          "e15:90",
          "e15:91",
          "e15:92",
          "e15:93",
          "e15:94",
          "e15:diesel",
          "e15:diesel2",
          "e15:e15",
          "e15:e85",
          "e85:85",
          "e85:86",
          "e85:87",
          "e85:88",
          "e85:89",
          "e85:90",
          "e85:91",
          "e85:92",
          "e85:93",
          "e85:94",
          "e85:diesel",
          "e85:diesel2",
          "e85:e15",
          "e85:e85",
          "plus:85",
          "plus:86",
          "plus:87",
          "plus:88",
          "plus:89",
          "plus:90",
          "plus:91",
          "plus:92",
          "plus:93",
          "plus:94",
          "plus:diesel",
          "plus:diesel2",
          "plus:e15",
          "plus:e85",
          "plusnoethanol:85",
          "plusnoethanol:86",
          "plusnoethanol:87",
          "plusnoethanol:88",
          "plusnoethanol:89",
          "plusnoethanol:90",
          "plusnoethanol:91",
          "plusnoethanol:92",
          "plusnoethanol:93",
          "plusnoethanol:94",
          "plusnoethanol:diesel",
          "plusnoethanol:diesel2",
          "plusnoethanol:e15",
          "plusnoethanol:e85",
          "premium:85",
          "premium:86",
          "premium:87",
          "premium:88",
          "premium:89",
          "premium:90",
          "premium:91",
          "premium:92",
          "premium:93",
          "premium:94",
          "premium:diesel",
          "premium:diesel2",
          "premium:e15",
          "premium:e85",
          "premiumnoethanol:85",
          "premiumnoethanol:86",
          "premiumnoethanol:87",
          "premiumnoethanol:88",
          "premiumnoethanol:89",
          "premiumnoethanol:90",
          "premiumnoethanol:91",
          "premiumnoethanol:92",
          "premiumnoethanol:93",
          "premiumnoethanol:94",
          "premiumnoethanol:diesel",
          "premiumnoethanol:diesel2",
          "premiumnoethanol:e15",
          "premiumnoethanol:e85",
          "regular:85",
          "regular:86",
          "regular:87",
          "regular:88",
          "regular:89",
          "regular:90",
          "regular:91",
          "regular:92",
          "regular:93",
          "regular:94",
          "regular:diesel",
          "regular:diesel2",
          "regular:e15",
          "regular:e85",
          "regularnoethanol:85",
          "regularnoethanol:86",
          "regularnoethanol:87",
          "regularnoethanol:88",
          "regularnoethanol:89",
          "regularnoethanol:90",
          "regularnoethanol:91",
          "regularnoethanol:92",
          "regularnoethanol:93",
          "regularnoethanol:94",
          "regularnoethanol:diesel",
          "regularnoethanol:diesel2",
          "regularnoethanol:e15",
          "regularnoethanol:e85"
        ],
        "Value": "regular:87"
      },
      "PhysicalNozzlePosition": 3,
      "SortOrder": 3
    }
  },
  "ComPort": "COM6",
  "PumpTemplateMask": 2
}