{
  "FileName": "instance.configuration.json",
  "IsReadOnly": false,
  "Caption": "",
  "ApplicationConfiguration": {
    "PosPromptSettings": {
      "PromptScheme": "Verifone",
      "Variant": "Default"
    },
    "CameraSettings": {
      "CameraFrameRotation": "Cw270",
      "PresenceTimeoutSeconds": 90
    },
    "ISenseController": {
      "IoTHubHost": "dataservices-eastus.azure-devices.net",
      "DeviceSvcUri": "https://api.dataservices.doverfs.com:8863/",
      "DeviceSiteCodeUri": "https://c2e-prod-devices.azure-api.net/"
    },
    "GsdgApi": {
      "IpAddress": "172.29.2.52",
      "Port": 44340,
      "GsdgTimeoutMinutes": 10,
      "GsdgDownloadTimeoutMinutes": 8,
      "ShouldSendPopInIdle": false
    },
    "CarWashConfiguration": {
      "DisplayCarwashImageAsPanelBackground": true,
      "DisplayCarwashGraphicButtons": true
    },
    "Intercom": {
      "IsEnabled": false,
      "ActiveInterval": 1000,
      "MaxVolumeLevel": 0,
      "IsPushButtonEnabled": true
    },
    "Totalizer": {
      "IsEnabled": false,
      "ActiveInterval": 5000
    },
    "StopButton": {
      "IsEnabled": false
    },
    "VolumeControl": {
      "DefaultVolumeLevel": 30,
      "MaxVolumeLevel": 50,
      "IsMonoAudioEnabled": false
    },
    "Default": {
      "DefaultLanguage": "En",
      "DefaultContrastMode": "Light",
      "DayModeStart": "06:30",
      "NighModeStart": "20:30"
    },
    "Languages": {
      "EnabledLanguages": [
        "En",
        "Fr",
        "Es"
      ]
    },
    "DateTimeFormatConfiguration": {
      "TimeFormat": "Hour12",
      "DateFormatEnum": "Month_DD_YYYY"
    },
    "LoggerConfiguration": {
      "MinLogLevel": "Debug"
    },
    "PromotionConfiguration": {
      "PromotedFuelGradeBanner": "",
      "PromotedFuelGradeAnimationDelay": 10,
      "OccasionalTheme": "None"
    },
    "DispenserProductCarouselConfiguration": {
      "CarouselSpeed": 5,
      "CarouselGradesCount": 6
    },
    "ScreenBurnInProtectionConfiguration": {
      "IsEnabled": true,
      "ActiveInterval": 10
    },
    "PreserveCookiesAndLocalStorage": false,
    "DigitalReceiptsConfiguration": {
      "IsEnabled": false,
      "DigitalReceiptBannerAnimationDelay": 10
    }
  },
  "TerminalConfiguration": {
    "TerminalNumber": 4,
    "Printer": "Serial",
    "IsScannerEnabled": false,
    "CardReader": "P95",
    "IsContactlessReaderEnabled": true,
    "RebootSPMWhenNoPOSPrompt": true,
    "Network": {
      "Address": "172.29.2.104",
      "Gateway": "172.29.2.1",
      "Netmask": "255.255.255.0",
      "PreferredDnsServer": "172.29.2.1",
      "AlternateDnsServer": "8.8.8.8",
      "DhcpEnabled": false
    },
    "Spm": {
      "SpmAddress": "172.29.1.104",
      "SpmDefaultGateway": "172.29.1.1",
      "SpmSubnetMask": "255.255.255.0"
    },
    "Pos": {
      "Address": "192.168.31.11",
      "Port": 9700
    },
    "TimeZoneConfiguration": {
      "CurrentTimeZone": "PST8PDT"
    },
    "SyncSpmTime": false,
    "ProductionPhase": "OnSite",
    "AvalanSshConfiguration": {
      "PosVlanId": "111",
      "NonPosVlanId": "112",
      "Server": "172.17.12.1",
      "Username": "482e252b",
      "Password": "88b61b45f852fbe1d26643698184f374"
    },
    "SPMFileRetrieveConfiguration": {
      "SPMSourcePaths": [],
      "SVMXDestinationPath": "",
      "IncludeFileTypes": [],
      "ExcludeFileTypes": [],
      "ExcludePaths": [],
      "Timeout": "00:05:00"
    },
    "TankMonitor": {
      "Host": "",
      "Port": 35555,
      "HeartbeatDelay": "00:00:05",
      "MessagesQueueSize": 100,
      "UseAmountFormat": false,
      "UseNewFormat": true
    }
  },
  "DispenserConfiguration": {
    "DispenserSide": "A",
    "PumpMode": "ControllerWithUi",
    "ComPort": "COM6",
    "FuelGrades": [
      {
        "ProductName": "renewablediesel2:renewablediesel2",
        "UnitPrices": [],
        "GradeState": "Unknown",
        "PhysicalNozzle": 1,
        "PhysicalNozzleState": "Unknown",
        "PhysicalNozzlePosition": 1,
        "LogicalNozzle": 1,
        "GradeSelectButton": 0,
        "PushToStartButton": 1,
        "PriceDisplayPosition": 1,
        "Promoted": false,
        "Product": "renewablediesel2",
        "Octane": "renewablediesel2"
      },
      {
        "ProductName": "premium:91",
        "UnitPrices": [],
        "GradeState": "Unknown",
        "PhysicalNozzle": 2,
        "PhysicalNozzleState": "Unknown",
        "PhysicalNozzlePosition": 2,
        "LogicalNozzle": 4,
        "GradeSelectButton": 5,
        "PushToStartButton": 5,
        "PriceDisplayPosition": 5,
        "Promoted": false,
        "Product": "premium",
        "Octane": "91"
      },
      {
        "ProductName": "plus:89",
        "UnitPrices": [],
        "GradeState": "Unknown",
        "PhysicalNozzle": 2,
        "PhysicalNozzleState": "Unknown",
        "PhysicalNozzlePosition": 2,
        "LogicalNozzle": 5,
        "GradeSelectButton": 4,
        "PushToStartButton": 4,
        "PriceDisplayPosition": 4,
        "Promoted": false,
        "Product": "plus",
        "Octane": "89"
      },
      {
        "ProductName": "regular:87",
        "UnitPrices": [],
        "GradeState": "Unknown",
        "PhysicalNozzle": 2,
        "PhysicalNozzleState": "Unknown",
        "PhysicalNozzlePosition": 2,
        "LogicalNozzle": 6,
        "GradeSelectButton": 3,
        "PushToStartButton": 3,
        "PriceDisplayPosition": 3,
        "Promoted": false,
        "Product": "regular",
        "Octane": "87"
      }
    ],
    "PumpProductTable": "",
    "PumpTemplateMask": "B234",
    "PumpType": "iGEM",
    "SecondaryDisplayOffTimeSeconds": 30
  }
}