{
  "FileName": "runtime.information.json",
  "IsReadOnly": false,
  "Caption": "",
  "ISense": {
    "SiteCode": "",
    "SiteId": "eebbcd47-374c-48b4-a3e3-2a3f199a6ccb",
    "OrganizationId": "63358605-3eee-4833-b212-ef9916d0e6be",
    "DeviceId": "0a001cce-0227-f1ff-0000-189ba51231d3"
  },
  "Spm": {
    "SecureTranslationSupported": true,
    "SPMSoftwareVersion": "3.1.210.79",
    "OSVersion": "08022604",
    "SerialNumber": "0000D01C20380782"
  },
  "CardReader": {
    "SerialNumber": "905C20270612",
    "FirmwareVersion": "55511000"
  },
  "ContactlessReader": {
    "SerialNumber": "151C20320869",
    "FirmwareVersion": "26100A02"
  },
  "IGEM": {
    "FirmwareVersion": "85.00",
    "IsDoorArmed": false,
    "VolumeUnit": "Gallons"
  },
  "Network": {
    "Address": "172.29.2.104",
    "Gateway": "172.29.2.1",
    "Netmask": "255.255.255.0",
    "PrefferedDnsServer": "172.29.2.1",
    "AlternateDnsServer": "8.8.8.8",
    "DhcpEnabled": false,
    "MacAddress": "18:9B:A5:12:31:D3"
  }
}