{
  "Options": {
    "SoftKeysRemoveChars": "[]<>",
    "SpecialSoftKeysMap": {
      "Help": [
        "HELP"
      ],
      "Cancel": [
        "CANCEL"
      ]
    }
  },
  "Defaults": [{
      "ScreenName": "default-display-prompt",
      "Panels": [{
          "Type": "DateTimePanel"
        }, {
          "Type": "TextPanel",
          "PanelData": {
            "PanelName": "terminal-message"
          }
        }, {
          "Type": "GradeSelectionPanel",
          "PanelData": {
            "RotateKeys": false
          }
        }, {
          "Type": "FooterPanel",
          "PanelData": {
            "FooterPanelText": ""
          }
        }
      ]
    }
  ],
  "Mappings": [{
      "ScreenName": "noone-there",
      "Rules": {
        "PromptId": [900],
        "Text": ["Welcome"],
        "SoftKey": [],
        "PumpState": [],
        "PresenceDetected": false
      },
      "Priority": 1,
      "Panels": [{
          "Type": "MediaBannerPanel",
          "PanelData": {
            "PromptText": "CustomerSequenceManager.TapAnywhere",
            "PromptImage": "touch.png"
          }
        }, {
          "Type": "GradeSelectionPanel",
          "PanelData": {
            "RotateKeys": true
          }
        }, {
          "Type": "FooterPanel",
          "PanelData": {
            "FooterPanelTitle": "CustomerSequenceManager.NextStep",
            "FooterPanelText": "CustomerSequenceManager.CardInsertion"
          }
        }
      ],
      "Actions": {
        "StateMachine": {
          "Event": "UserPortalLogout",
          "Data": "Absence Detected"
        }
      },
      "Params": {
        "ClearUserSessionData": true,
        "ResetDisplayToDefaultSettings": true
      }
    }, {
      "ScreenName": "noone-there-no-media",
      "Rules": {
        "PromptId": [900],
        "Text": ["Welcome"],
        "SoftKey": [],
        "PumpState": [],
        "PresenceDetected": false,
        "NoMedia": true
      },
      "Priority": 1,
      "Panels": [{
          "Type": "DateTimePanel"
        }, {
          "Type": "TextPanel",
          "PanelData": {
            "Images": [
              "InsertCard.png",
              "Loyalty.png",
              "TapPhone.png"
            ],
            "ImagePosition": "Bottom",
            "TextLines": [{
                "Text": "Transaction.PaymentLoyaltyWithTap"
              }, {
                "Text": "Transaction.LeaveCard"
              }
            ]
          }
        }, {
          "Type": "GradeSelectionPanel",
          "PanelData": {
            "RotateKeys": true
          }
        }, {
          "Type": "FooterPanel",
          "PanelData": {
            "FooterPanelTitle": "CustomerSequenceManager.NextStep",
            "FooterPanelText": "CustomerSequenceManager.CardInsertion"
          }
        }
      ],
      "Actions": {
        "StateMachine": {
          "Event": "UserPortalLogout",
          "Data": "Absence Detected"
        }
      },
      "Params": {
        "ClearUserSessionData": true,
        "ResetDisplayToDefaultSettings": true
      }
    }, {
      "ScreenName": "pump-closed-screen",
      "Rules": {
        "PromptId": [],
        "PumpState": ["Closed"],
        "SoftKey": [],
        "Text": []
      },
      "Priority": 999,
      "Panels": [{
          "Type": "DateTimePanel"
        }, {
          "Type": "TextPanel",
          "PanelData": {
            "ClearSoftKeys": true,
            "TextLines": [{
                "Text": "<i class='fad fa-gas-pump-slash fa-4x'></i>"
              }, {
                "Text": "&nbsp;"
              }, {
                "Text": "CustomerSequenceManager.PumpClosed"
              }
            ]
          }
        }, {
          "Type": "FooterPanel",
          "PanelData": {
            "FooterPanelText": ""
          }
        }
      ]
    }, {
      "ScreenName": "theft-warning",
      "Rules": {
        "FillingMode": ["Standalone"]
      },
      "Priority": 999,
      "Panels": [{
          "Type": "DateTimePanel"
        }, {
          "Type": "TextPanel",
          "PanelData": {
            "ClearSoftKeys": true,
            "TextLines": [{
                "Text": ""
              }
            ],
            "Images": ["TheftWarning.png"],
            "ImagePosition": "Top"
          }
        }, {
          "Type": "GradeSelectionPanel",
          "PanelData": {
            "RotateKeys": true
          }
        }, {
          "Type": "FooterPanel",
          "PanelData": {
            "FooterPanelText": ""
          }
        }
      ]
    }, {
      "ScreenName": "fueling-screen",
      "Rules": {
        "PromptId": [],
        "PumpState": ["Fueling"],
        "FillingMode": ["Unknown", "Console"],
        "SoftKey": [],
        "Text": []
      },
      "Priority": 999,
      "Panels": [{
          "Type": "FuelingStatePanel"
        }, {
          "Type": "FooterPanel",
          "PanelData": {
            "FooterPanelText": ""
          }
        }
      ],
      "Params": {
        "ShowDigitalReceiptsPrompt": true
      }
    }, {
      "ScreenName": "fueling-screen-no-media",
      "Rules": {
        "PromptId": [],
        "PumpState": ["Fueling"],
        "FillingMode": ["Unknown", "Console"],
        "SoftKey": [],
        "Text": [],
        "NoMedia": true
      },
      "Priority": 999,
      "Panels": [{
          "Type": "DateTimePanel"
        }, {
          "Type": "TextPanel",
          "PanelData": {
            "PanelName": "terminal-message"
          }
        }, {
          "Type": "GradeSelectionPanel",
          "PanelData": {
            "RotateKeys": false
          }
        }, {
          "Type": "FooterPanel",
          "PanelData": {
            "FooterPanelText": ""
          }
        }
      ],
      "Params": {
        "ShowDigitalReceiptsPrompt": true
      }
    }, {
      "ScreenName": "fueling-screen",
      "Rules": {
        "PromptId": [],
        "PumpState": ["Fueling"],
        "FillingMode": ["Unknown", "Console"],
        "UserPortalRegistrationState": ["Unregistered"],
        "SoftKey": [],
        "Text": []
      },
      "Priority": 999,
      "Panels": [{
          "Type": "FuelingStatePanel"
        }, {
          "Type": "FooterPanel",
          "PanelData": {
            "FooterPanelText": ""
          }
        }
      ],
      "Actions": {
        "StateMachine": {
          "Event": "UserPortalRegistrationRequest",
          "Data": "User Portal - Registration Request"
        }
      },
      "Params": {
        "ShowDigitalReceiptsPrompt": true
      }
    }, {
      "ScreenName": "registration-screen",
      "Rules": {
        "PromptId": [90001]
      },
      "Priority": 999,
      "Panels": [{
          "Type": "ConfirmationPanel",
          "PanelData": {
            "Images": [
              "signup-request.png"
            ],
            "ImagePosition": "Right",
            "TextLines": [{
                "Text": "CustomerSequenceManager.SaveTimeAtThePump"
              }, {
                "Text": "CustomerSequenceManager.RememberYourSettings"
              }
            ],
            "ConfirmationItems": [{
                "IsConfirmed": "true",
                "Message": "CustomerSequenceManager.SaveYourPreferences"
              }, {
                "IsConfirmed": "true",
                "Message": "CustomerSequenceManager.GetDigitalReceipt"
              }, {
                "IsConfirmed": "true",
                "Message": "CustomerSequenceManager.AcessToUserPortal"
              }
            ],
            "SoftKeys": [{
                "Id": "Yes",
                "Label": "Buttons.Yes"
              }, {
                "Id": "No",
                "Label": "Buttons.No"
              }
            ]
          }
        }, {
          "Type": "FooterPanel",
          "PanelData": {
            "FooterPanelTitle": "CustomerSequenceManager.NextStep",
            "FooterPanelText": "CustomerSequenceManager.NozzleReplacement"
          }
        }
      ]
    }, {
      "ScreenName": "receipt-menu-screen",
      "Rules": {
        "PromptId": [90101]
      },
      "Priority": 999,
      "Panels": [{
          "Type": "ReceiptPromptPanel",
          "PanelData": {
            "PromptMessage": "Transaction.AskReceipt",
            "ScreenCollectionItems": [{
                "SoftKey": {
                  "Id": "Yes",
                  "Label": "Buttons.Yes"
                },
                "Type": "Button"
              }, {
                "SoftKey": {
                  "Id": "No",
                  "Label": "Buttons.No"
                },
                "Type": "Button"
              }
            ]
          }
        }, {
          "Type": "FooterPanel",
          "PanelData": {
            "FooterPanelTitle": "CustomerSequenceManager.NextStep",
            "FooterPanelText": "CustomerSequenceManager.NozzleReplacement"
          }
        }
      ]
    }, {
      "ScreenName": "invalid-keypress",
      "Rules": {
        "PromptId": [
          101
        ]
      },
      "Panels": [{
          "Type": "DateTimePanel"
        }, {
          "Type": "TextPanel",
          "PanelData": {
            "Images": ["InvalidKeypress.png"],
            "TextLines": [{
                "Text": "Error.InvalidKeyPressed"
              }
            ]
          }
        }, {
          "Type": "GradeSelectionPanel",
          "PanelData": {
            "RotateKeys": false
          }
        }, {
          "Type": "FooterPanel",
          "PanelData": {
            "FooterPanelText": ""
          }
        }
      ]
    }, {
      "ScreenName": "incorrect-PIN",
      "Rules": {
        "PromptId": [
          102
        ]
      },
      "Panels": [{
          "Type": "DateTimePanel"
        }, {
          "Type": "TextPanel",
          "PanelData": {
            "Images": ["InvalidPIN.png"],
            "TextLines": [{
                "Text": "Error.IncorrectPIN"
              }
            ]
          }
        }, {
          "Type": "GradeSelectionPanel",
          "PanelData": {
            "RotateKeys": false
          }
        }, {
          "Type": "FooterPanel",
          "PanelData": {
            "FooterPanelText": ""
          }
        }
      ]
    }, {
      "ScreenName": "transaction-cancelled",
      "Rules": {
        "PromptId": [
          103,
          325,
          1019
        ]
      },
      "Panels": [{
          "Type": "DateTimePanel"
        }, {
          "Type": "TextPanel",
          "PanelData": {
            "Images": ["TransactionCancelled.png"],
            "TextLines": [{
                "Text": "Transaction.Cancelled"
              }
            ]
          }
        }, {
          "Type": "GradeSelectionPanel",
          "PanelData": {
            "RotateKeys": false
          }
        }, {
          "Type": "FooterPanel",
          "PanelData": {
            "FooterPanelText": ""
          }
        }
      ]
    }, {
      "ScreenName": "wait-display-prompt",
      "Rules": {
        "PromptId": [
          0,
          104,
          304,
          306,
          329,
          330
        ]
      },
      "Panels": [{
          "Type": "DateTimePanel"
        }, {
          "Type": "TextPanel",
          "PanelData": {
            "PanelName": "wait-message-screen",
            "TextLines": [{
                "Text": "Transaction.PleaseWait"
              }
            ]
          }
        }, {
          "Type": "StaticAdsPanel"
        }, {
          "Type": "FooterPanel",
          "PanelData": {
            "FooterPanelText": ""
          }
        }
      ]
    }, {
      "ScreenName": "wait-display-prompt",
      "Rules": {
        "PromptId": [
          0,
          104,
          304,
          306,
          329,
          330
        ],
        "PumpState": [
          "Calling",
          "Authorizing"
        ]
      },
      "Panels": [{
          "Type": "DateTimePanel"
        }, {
          "Type": "TextPanel",
          "PanelData": {
            "PanelName": "wait-message-screen",
            "TextLines": [{
                "Text": "Transaction.PleaseWait"
              }
            ]
          }
        }, {
          "Type": "GradeSelectionPanel",
          "PanelData": {
            "RotateKeys": false
          }
        }, {
          "Type": "FooterPanel",
          "PanelData": {
            "FooterPanelText": ""
          }
        }
      ]
    }, {
      "ScreenName": "wait-display-prompt",
      "Rules": {
        "PromptId": [
          0,
          104,
          304,
          306,
          329,
          330
        ],
        "PumpState": [
          "Authorized"
        ]
      },
      "Panels": [{
          "Type": "DateTimePanel"
        }, {
          "Type": "TextPanel",
          "PanelData": {
            "Images": ["RemoveNozzleSelectGrade.gif"],
            "TextLines": [{
                "Text": "Fueling.RemoveNozzle"
              }, {
                "Text": "Fueling.SelectBegin"
              }
            ]
          }
        }, {
          "Type": "GradeSelectionPanel",
          "PanelData": {
            "RotateKeys": false
          }
        }, {
          "Type": "FooterPanel",
          "PanelData": {
            "FooterPanelText": ""
          }
        }
      ]
    }, {
      "ScreenName": "wait-display-prompt",
      "Rules": {
        "PromptId": [
          0,
          104,
          304,
          306,
          329,
          330
        ],
        "PumpState": [
          "Started"
        ]
      },
      "Panels": [{
          "Type": "DateTimePanel"
        }, {
          "Type": "TextPanel",
          "PanelData": {
            "TextLines": [{
                "Text": "Fueling.PleaseBeginFuelling"
              }
            ]
          }
        }, {
          "Type": "GradeSelectionPanel",
          "PanelData": {
            "RotateKeys": false
          }
        }, {
          "Type": "FooterPanel",
          "PanelData": {
            "FooterPanelText": ""
          }
        }
      ]
    }, {
      "ScreenName": "remove-card",
      "Priority": 5,
      "Rules": {
        "PromptId": [
          105,
          301,
          309,
          900,
          999,
          1018
        ],
        "Text": ["Remove"]
      },
      "Panels": [{
          "Type": "DateTimePanel"
        }, {
          "Type": "TextPanel",
          "PanelData": {
            "Images": ["RemoveCard.gif"],
            "TextLines": [{
                "Text": "Transaction.RemoveCard"
              }
            ]
          }
        }, {
          "Type": "GradeSelectionPanel",
          "PanelData": {
            "RotateKeys": false
          }
        }, {
          "Type": "FooterPanel",
          "PanelData": {
            "FooterPanelText": ""
          }
        }
      ]
    }, {
      "ScreenName": "fueling-complete",
      "Rules": {
        "PromptId": [
          106
        ]
      },
      "Panels": [{
          "Type": "DateTimePanel"
        }, {
          "Type": "TextPanel",
          "PanelData": {
            "Images": ["FuelingComplete.png"],
            "TextLines": [{
                "Text": "Fueling.FuelingComplete"
              }
            ]
          }
        }, {
          "Type": "StaticAdsPanel"
        }, {
          "Type": "FooterPanel",
          "PanelData": {
            "FooterPanelTitle": "CustomerSequenceManager.NextStep",
            "FooterPanelText": "CustomerSequenceManager.NozzleReplacement"
          }
        }
      ]
    }, {
      "ScreenName": "postpay-not-allowed",
      "Rules": {
        "PromptId": [
          107
        ]
      },
      "Panels": [{
          "Type": "DateTimePanel"
        }, {
          "Type": "TextPanel",
          "PanelData": {
            "Images": ["PostpayNotAllowed.png"],
            "TextLines": [{
                "Text": "Error.PostpayNotAllowed"
              }
            ]
          }
        }, {
          "Type": "GradeSelectionPanel",
          "PanelData": {
            "RotateKeys": true
          }
        }, {
          "Type": "FooterPanel",
          "PanelData": {
            "FooterPanelText": ""
          }
        }
      ]
    }, {
      "ScreenName": "pay-inside-only",
      "Rules": {
        "PromptId": [
          108,
          1003,
          1004,
          100003
        ]
      },
      "Panels": [{
          "Type": "DateTimePanel"
        }, {
          "Type": "TextPanel",
          "PanelData": {
            "Images": ["PayCashierInsideStore.gif"],
            "TextLines": [{
                "Text": "Transaction.PayInsideOnly"
              }
            ]
          }
        }, {
          "Type": "GradeSelectionPanel",
          "PanelData": {
            "RotateKeys": true
          }
        }, {
          "Type": "FooterPanel",
          "PanelData": {
            "FooterPanelText": ""
          }
        }
      ]
    }, {
      "ScreenName": "insert-debit-card",
      "Rules": {
        "PromptId": [
          109,
          324,
          451
        ]
      },
      "Panels": [{
          "Type": "DateTimePanel"
        }, {
          "Type": "TextPanel",
          "PanelData": {
            "Images": ["InsertDebitCard.gif"],
            "TextLines": [{
                "Text": "Transaction.InsertDebitCard"
              }
            ]
          }
        }, {
          "Type": "GradeSelectionPanel",
          "PanelData": {
            "RotateKeys": false
          }
        }, {
          "Type": "FooterPanel",
          "PanelData": {
            "FooterPanelText": ""
          }
        }
      ]
    }, {
      "ScreenName": "try-as-debit",
      "Rules": {
        "PromptId": [
          110
        ]
      },
      "Panels": [{
          "Type": "DateTimePanel"
        }, {
          "Type": "TextPanel",
          "PanelData": {
            "Images": ["TryasDebit.png"],
            "TextLines": [{
                "Text": "Transaction.TryAsDebit"
              }
            ]
          }
        }, {
          "Type": "GradeSelectionPanel",
          "PanelData": {
            "RotateKeys": false
          }
        }, {
          "Type": "FooterPanel",
          "PanelData": {
            "FooterPanelText": ""
          }
        }
      ]
    }, {
      "ScreenName": "card-expired",
      "Rules": {
        "PromptId": [
          111
        ]
      },
      "Panels": [{
          "Type": "DateTimePanel"
        }, {
          "Type": "TextPanel",
          "PanelData": {
            "Images": ["CardExpired.png"],
            "TextLines": [{
                "Text": "Error.CardExpired"
              }
            ]
          }
        }, {
          "Type": "GradeSelectionPanel",
          "PanelData": {
            "RotateKeys": false
          }
        }, {
          "Type": "FooterPanel",
          "PanelData": {
            "FooterPanelText": ""
          }
        }
      ]
    }, {
      "ScreenName": "remove-nozzle",
      "Rules": {
        "PromptId": [
          112,
          320
        ]
      },
      "Panels": [{
          "Type": "DateTimePanel"
        }, {
          "Type": "TextPanel",
          "PanelData": {
            "Images": ["RemoveNozzle.gif"],
            "TextLines": [{
                "Text": "Fueling.RemoveNozzle"
              }, {
                "Text": "Fueling.BeginFuelling"
              }
            ]
          }
        }, {
          "Type": "GradeSelectionPanel",
          "PanelData": {
            "RotateKeys": false
          }
        }, {
          "Type": "FooterPanel",
          "PanelData": {
            "FooterPanelText": ""
          }
        }
      ]
    }, {
      "ScreenName": "enter-amount",
      "Rules": {
        "PromptId": [
          113
        ]
      },
      "Panels": [{
          "Type": "DateTimePanel"
        }, {
          "Type": "TextPanel",
          "PanelData": {
            "Images": ["EnterAmount.png"],
            "TextLines": [{
                "Text": "Transaction.EnterAmount"
              }
            ]
          }
        }, {
          "Type": "GradeSelectionPanel",
          "PanelData": {
            "RotateKeys": false
          }
        }, {
          "Type": "FooterPanel",
          "PanelData": {
            "FooterPanelText": ""
          }
        }
      ]
    }, {
      "ScreenName": "authorizing",
      "Priority": 4,
      "Rules": {
        "PromptId": [
          114,
          319,
          999,
          1011
        ],
        "Text": ["Authorizing"]
      },
      "Panels": [{
          "Type": "DateTimePanel"
        }, {
          "Type": "TextPanel",
          "PanelData": {
            "PanelName": "wait-message-screen",
            "TextLines": [{
                "Text": "Transaction.Authorizing"
              }
            ]
          }
        }, {
          "Type": "GradeSelectionPanel",
          "PanelData": {
            "RotateKeys": false
          }
        }, {
          "Type": "FooterPanel",
          "PanelData": {
            "FooterPanelText": ""
          }
        }
      ]
    }, {
      "ScreenName": "insert-card",
      "Rules": {
        "PromptId": [
          115,
          321
        ]
      },
      "Panels": [{
          "Type": "DateTimePanel"
        }, {
          "Type": "TextPanel",
          "PanelData": {
            "Images": ["InsertCard.gif"],
            "TextLines": [{
                "Text": "Transaction.InsertCard"
              }
            ]
          }
        }, {
          "Type": "GradeSelectionPanel",
          "PanelData": {
            "RotateKeys": true
          }
        }, {
          "Type": "FooterPanel",
          "PanelData": {
            "FooterPanelText": ""
          }
        }
      ]
    }, {
      "ScreenName": "pay-clerk-inside",
      "Rules": {
        "PromptId": [
          116,
          303
        ]
      },
      "Panels": [{
          "Type": "DateTimePanel"
        }, {
          "Type": "TextPanel",
          "PanelData": {
            "Images": ["PayCashierInsideStore.gif"],
            "TextLines": [{
                "Text": "Transaction.PayClerkInside"
              }
            ]
          }
        }, {
          "Type": "GradeSelectionPanel",
          "PanelData": {
            "RotateKeys": true
          }
        }, {
          "Type": "FooterPanel",
          "PanelData": {
            "FooterPanelText": ""
          }
        }
      ]
    }, {
      "ScreenName": "pump-not-ready",
      "Rules": {
        "PromptId": [
          117,
          312
        ]
      },
      "Panels": [{
          "Type": "DateTimePanel"
        }, {
          "Type": "TextPanel",
          "PanelData": {
            "Images": ["PumpNotReady.png"],
            "TextLines": [{
                "Text": "Error.PumpNotReady"
              }, {
                "Text": "Transaction.TryAgain"
              }
            ]
          }
        }, {
          "Type": "GradeSelectionPanel",
          "PanelData": {
            "RotateKeys": true
          }
        }, {
          "Type": "FooterPanel",
          "PanelData": {
            "FooterPanelText": ""
          }
        }
      ]
    }, {
      "ScreenName": "clerk-receipt",
      "Rules": {
        "PromptId": [
          118,
          317,
          90401
        ]
      },
      "Panels": [{
          "Type": "DateTimePanel"
        }, {
          "Type": "TextPanel",
          "PanelData": {
            "Images": ["SeeCashierforReceipt.gif"],
            "TextLines": [{
                "Text": "Transaction.SeeCashierForReceipt"
              }
            ]
          }
        }, {
          "Type": "StaticAdsPanel"
        }, {
          "Type": "FooterPanel",
          "PanelData": {
            "FooterPanelText": ""
          }
        }
      ]
    }, {
      "ScreenName": "enter-PIN",
      "Rules": {
        "PromptId": [
          119,
          323
        ]
      },
      "Panels": [{
          "Type": "DateTimePanel"
        }, {
          "Type": "TextPanel",
          "PanelData": {
            "Images": ["EnterPIN.png"],
            "TextLines": [{
                "Text": "Transaction.EnterPIN"
              }, {
                "Text": "Transaction.OnKeypadRight"
              }
            ]
          }
        }, {
          "Type": "GradeSelectionPanel",
          "PanelData": {
            "RotateKeys": false
          }
        }, {
          "Type": "FooterPanel",
          "PanelData": {
            "FooterPanelText": ""
          }
        }
      ]
    }, {
      "ScreenName": "prepay-or-use-card",
      "Rules": {
        "PromptId": [
          120,
          326
        ]
      },
      "Panels": [{
          "Type": "DateTimePanel"
        }, {
          "Type": "TextPanel",
          "PanelData": {
            "Images": ["InsertCard.gif"],
            "ImagePosition": "Top",
            "TextLines": [{
                "Text": "Transaction.InsertCardOr"
              }, {
                "Text": "Transaction.PrepayInside"
              }
            ]
          }
        }, {
          "Type": "GradeSelectionPanel",
          "PanelData": {
            "RotateKeys": true
          }
        }, {
          "Type": "FooterPanel",
          "PanelData": {
            "FooterPanelText": ""
          }
        }
      ]
    }, {
      "ScreenName": "receipt-print",
      "Rules": {
        "PromptId": [
          121,
          314,
          90201
        ]
      },
      "Panels": [{
          "Type": "DateTimePanel"
        }, {
          "Type": "TextPanel",
          "PanelData": {
            "Images": ["ReceiptPrinting.gif"],
            "TextLines": [{
                "Text": "Transaction.ReceiptPrinting"
              }
            ]
          }
        }, {
          "Type": "StaticAdsPanel"
        }, {
          "Type": "FooterPanel",
          "PanelData": {
            "FooterPanelText": ""
          }
        }
      ]
    }, {
      "ScreenName": "receipt-print",
      "Rules": {
        "PromptId": [
          121, 314
        ],
        "UserPortalRegistrationState": ["Registered", "RegistrationPending", "LoggedOut"]
      },
      "Panels": [{
          "Type": "DateTimePanel"
        }, {
          "Type": "TextPanel",
          "PanelData": {
            "PanelName": "wait-message-screen",
            "TextLines": [{
                "Text": "Transaction.PleaseWait"
              }
            ]
          }
        }, {
          "Type": "StaticAdsPanel"
        }, {
          "Type": "FooterPanel",
          "PanelData": {
            "FooterPanelText": ""
          }
        }
      ]
    }, {
      "ScreenName": "ask-receipt",
      "Rules": {
        "PromptId": [
          122,
          452
        ]
      },
      "Panels": [{
          "Type": "DateTimePanel"
        }, {
          "Type": "TextPanel",
          "PanelData": {
            "Images": ["AskReceipt.png"],
            "TextLines": [{
                "Text": "Transaction.AskReceipt"
              }
            ]
          }
        }, {
          "Type": "GradeSelectionPanel",
          "PanelData": {
            "RotateKeys": false
          }
        }, {
          "Type": "FooterPanel",
          "PanelData": {
            "FooterPanelText": ""
          }
        }
      ],
      "Params": {
        "DisableSecondaryDisplayHeater": true,
        "OverrideUserSelection": {
          "Name": "PrintReceipt",
          "SelectionOverrides": [{
              "UserSelection": "No",
              "SelectionOverride": "Yes"
            }
          ]
        }
      }
    }, {
      "ScreenName": "ask-receipt",
      "Rules": {
        "PromptId": [
          122,
          452
        ],
        "UserPortalRegistrationState": ["Unregistered", "Registered", "RegistrationPending", "RegistrationDeclined"]
      },
      "Panels": [{
          "Type": "DateTimePanel"
        }, {
          "Type": "GradeSelectionPanel",
          "PanelData": {
            "RotateKeys": false
          }
        }, {
          "Type": "FooterPanel",
          "PanelData": {
            "FooterPanelText": ""
          }
        }
      ],
      "Actions": {
        "AutoRespond": {
          "Softkey": "Yes"
        }
      },
      "Params": {
        "DisableSecondaryDisplayHeater": true,
        "OverrideUserSelection": {
          "Name": "PrintReceipt",
          "SelectionOverrides": [{
              "UserSelection": "No",
              "SelectionOverride": "Yes"
            }
          ]
        }
      }
    }, {
      "ScreenName": "see-attendant",
      "Rules": {
        "PromptId": [
          123
        ]
      },
      "Panels": [{
          "Type": "DateTimePanel"
        }, {
          "Type": "TextPanel",
          "PanelData": {
            "Images": ["TransactionCancelled.png"],
            "TextLines": [{
                "Text": "Transaction.SeeAttendant"
              }, {
                "Text": "Transaction.FollowInstruction"
              }
            ]
          }
        }, {
          "Type": "GradeSelectionPanel",
          "PanelData": {
            "RotateKeys": false
          }
        }, {
          "Type": "FooterPanel",
          "PanelData": {
            "FooterPanelText": ""
          }
        }
      ]
    }, {
      "ScreenName": "pump-stopped",
      "Rules": {
        "PromptId": [
          124
        ]
      },
      "Panels": [{
          "Type": "DateTimePanel"
        }, {
          "Type": "TextPanel",
          "PanelData": {
            "Images": ["PumpStopped.png"],
            "TextLines": [{
                "Text": "Error.PumpStopped"
              }
            ]
          }
        }, {
          "Type": "GradeSelectionPanel",
          "PanelData": {
            "RotateKeys": false
          }
        }, {
          "Type": "FooterPanel",
          "PanelData": {
            "FooterPanelText": ""
          }
        }
      ]
    }, {
      "ScreenName": "receipt-take",
      "Rules": {
        "PromptId": [
          125,
          315,
          316,
          90301
        ]
      },
      "Panels": [{
          "Type": "DateTimePanel"
        }, {
          "Type": "TextPanel",
          "PanelData": {
            "Images": ["TakeReceipt.gif"],
            "TextLines": [{
                "Text": "Transaction.TakeReceipt"
              }
            ]
          }
        }, {
          "Type": "StaticAdsPanel"
        }, {
          "Type": "FooterPanel",
          "PanelData": {
            "FooterPanelText": ""
          }
        }
      ]
    }, {
      "ScreenName": "receipt-take",
      "Rules": {
        "PromptId": [
          125,
          315,
          316
        ],
        "UserPortalRegistrationState": ["Registered", "RegistrationPending", "LoggedOut"]
      },
      "Panels": [{
          "Type": "DateTimePanel"
        }, {
          "Type": "TextPanel",
          "PanelData": {
            "PanelName": "wait-message-screen",
            "TextLines": [{
                "Text": "Transaction.PleaseWait"
              }
            ]
          }
        }, {
          "Type": "StaticAdsPanel"
        }, {
          "Type": "FooterPanel",
          "PanelData": {
            "FooterPanelText": ""
          }
        }
      ]
    }, {
      "ScreenName": "press-payment-key",
      "Rules": {
        "PromptId": [
          126,
          318,
          1007
        ]
      },
      "Panels": [{
          "Type": "DateTimePanel"
        }, {
          "Type": "TextPanel",
          "PanelData": {
            "Images": ["tapscreen.png"],
            "TextLines": [{
                "Text": "Transaction.PressPaymentKey"
              }
            ]
          }
        }, {
          "Type": "GradeSelectionPanel",
          "PanelData": {
            "RotateKeys": false
          }
        }, {
          "Type": "FooterPanel",
          "PanelData": {
            "FooterPanelText": ""
          }
        }
      ]
    }, {
      "ScreenName": "too-long",
      "Rules": {
        "PromptId": [
          127
        ]
      },
      "Panels": [{
          "Type": "DateTimePanel"
        }, {
          "Type": "TextPanel",
          "PanelData": {
            "Images": ["InvalidKeypress.png"],
            "TextLines": [{
                "Text": "Error.ValueTooLong"
              }
            ]
          }
        }, {
          "Type": "GradeSelectionPanel",
          "PanelData": {
            "RotateKeys": false
          }
        }, {
          "Type": "FooterPanel",
          "PanelData": {
            "FooterPanelText": ""
          }
        }
      ]
    }, {
      "ScreenName": "too-short",
      "Rules": {
        "PromptId": [
          128
        ]
      },
      "Panels": [{
          "Type": "DateTimePanel"
        }, {
          "Type": "TextPanel",
          "PanelData": {
            "Images": ["InvalidKeypress.png"],
            "TextLines": [{
                "Text": "Error.ValueTooShort"
              }
            ]
          }
        }, {
          "Type": "GradeSelectionPanel",
          "PanelData": {
            "RotateKeys": false
          }
        }, {
          "Type": "FooterPanel",
          "PanelData": {
            "FooterPanelText": ""
          }
        }
      ]
    }, {
      "ScreenName": "numerals-expected",
      "Rules": {
        "PromptId": [
          129
        ]
      },
      "Panels": [{
          "Type": "DateTimePanel"
        }, {
          "Type": "TextPanel",
          "PanelData": {
            "Images": ["InvalidKeypress.png"],
            "TextLines": [{
                "Text": "Error.OnlyNumerals"
              }
            ]
          }
        }, {
          "Type": "GradeSelectionPanel",
          "PanelData": {
            "RotateKeys": false
          }
        }, {
          "Type": "FooterPanel",
          "PanelData": {
            "FooterPanelText": ""
          }
        }
      ]
    }, {
      "ScreenName": "time-out",
      "Rules": {
        "PromptId": [
          130
        ]
      },
      "Panels": [{
          "Type": "DateTimePanel"
        }, {
          "Type": "TextPanel",
          "PanelData": {
            "Images": ["timeout.png"],
            "TextLines": [{
                "Text": "Error.TimedOut"
              }
            ]
          }
        }, {
          "Type": "GradeSelectionPanel",
          "PanelData": {
            "RotateKeys": false
          }
        }, {
          "Type": "FooterPanel",
          "PanelData": {
            "FooterPanelText": ""
          }
        }
      ]
    }, {
      "ScreenName": "value-error",
      "Rules": {
        "PromptId": [
          131
        ]
      },
      "Panels": [{
          "Type": "DateTimePanel"
        }, {
          "Type": "TextPanel",
          "PanelData": {
            "Images": ["InvalidKeypress.png"],
            "TextLines": [{
                "Text": "Error.ValueError"
              }
            ]
          }
        }, {
          "Type": "GradeSelectionPanel",
          "PanelData": {
            "RotateKeys": false
          }
        }, {
          "Type": "FooterPanel",
          "PanelData": {
            "FooterPanelText": ""
          }
        }
      ]
    }, {
      "ScreenName": "retry-or-see-cashier",
      "Rules": {
        "PromptId": [
          138
        ]
      },
      "Panels": [{
          "Type": "DateTimePanel"
        }, {
          "Type": "TextPanel",
          "PanelData": {
            "Images": ["InsertCardAgain.gif"],
            "TextLines": [{
                "Text": "Transaction.ReInsertCardOr"
              }, {
                "Text": "Transaction.SeeCashier"
              }
            ]
          }
        }, {
          "Type": "GradeSelectionPanel",
          "PanelData": {
            "RotateKeys": false
          }
        }, {
          "Type": "FooterPanel",
          "PanelData": {
            "FooterPanelText": ""
          }
        }
      ]
    }, {
      "ScreenName": "insert-card-again",
      "Rules": {
        "PromptId": [
          302
        ]
      },
      "Panels": [{
          "Type": "DateTimePanel"
        }, {
          "Type": "TextPanel",
          "PanelData": {
            "Images": ["InsertCardAgain.gif"],
            "TextLines": [{
                "Text": "Transaction.ReInsertCard"
              }
            ]
          }
        }, {
          "Type": "GradeSelectionPanel",
          "PanelData": {
            "RotateKeys": false
          }
        }, {
          "Type": "FooterPanel",
          "PanelData": {
            "FooterPanelText": ""
          }
        }
      ]
    }, {
      "ScreenName": "card-inserted-wrong",
      "Rules": {
        "PromptId": [
          305,
          310
        ]
      },
      "Panels": [{
          "Type": "DateTimePanel"
        }, {
          "Type": "TextPanel",
          "PanelData": {
            "Images": ["CardFailed.png"],
            "TextLines": [{
                "Text": "Error.CardInsertedWrong"
              }
            ]
          }
        }, {
          "Type": "GradeSelectionPanel",
          "PanelData": {
            "RotateKeys": false
          }
        }, {
          "Type": "FooterPanel",
          "PanelData": {
            "FooterPanelText": ""
          }
        }
      ]
    }, {
      "ScreenName": "card-not-read",
      "Rules": {
        "PromptId": [
          307,
          311
        ]
      },
      "Panels": [{
          "Type": "DateTimePanel"
        }, {
          "Type": "TextPanel",
          "PanelData": {
            "Images": ["CardFailed.png"],
            "TextLines": [{
                "Text": "Error.CardNotRead"
              }
            ]
          }
        }, {
          "Type": "GradeSelectionPanel",
          "PanelData": {
            "RotateKeys": false
          }
        }, {
          "Type": "FooterPanel",
          "PanelData": {
            "FooterPanelText": ""
          }
        }
      ]
    }, {
      "ScreenName": "try-another-card",
      "Rules": {
        "PromptId": [
          308
        ]
      },
      "Panels": [{
          "Type": "DateTimePanel"
        }, {
          "Type": "TextPanel",
          "PanelData": {
            "Images": ["TryAnotherCard.png"],
            "TextLines": [{
                "Text": "Transaction.TryAnotherCard"
              }
            ]
          }
        }, {
          "Type": "GradeSelectionPanel",
          "PanelData": {
            "RotateKeys": false
          }
        }, {
          "Type": "FooterPanel",
          "PanelData": {
            "FooterPanelText": ""
          }
        }
      ]
    }, {
      "ScreenName": "reselect-grade",
      "Rules": {
        "PromptId": [
          313
        ]
      },
      "Panels": [{
          "Type": "DateTimePanel"
        }, {
          "Type": "TextPanel",
          "PanelData": {
            "Images": ["SelectGrade.gif"],
            "TextLines": [{
                "Text": "Fueling.ReSelectGrade"
              }
            ]
          }
        }, {
          "Type": "GradeSelectionPanel",
          "PanelData": {
            "RotateKeys": false
          }
        }, {
          "Type": "FooterPanel",
          "PanelData": {
            "FooterPanelText": ""
          }
        }
      ]
    }, {
      "ScreenName": "thank-you",
      "Priority": 3,
      "Rules": {
        "PromptId": [
          322,
          900
        ],
        "Text": ["Thank You"],
        "PumpState": [
          "Calling",
          "Started",
          "Authorized"
        ]
      },
      "Panels": [{
          "Type": "DateTimePanel"
        }, {
          "Type": "TextPanel",
          "PanelData": {
            "Images": ["RemoveNozzleSelectGrade.gif"],
            "TextLines": [{
                "Text": "Fueling.PleaseBeginFuelling"
              }
            ]
          }
        }, {
          "Type": "GradeSelectionPanel",
          "PanelData": {
            "RotateKeys": false
          }
        }, {
          "Type": "FooterPanel",
          "PanelData": {
            "FooterPanelText": ""
          }
        }
      ]
    }, {
      "ScreenName": "thank-you",
      "Priority": 3,
      "Rules": {
        "PromptId": [
          322,
          900
        ],
        "Text": ["Thank You"]
      },
      "Panels": [{
          "Type": "DateTimePanel"
        }, {
          "Type": "TextPanel",
          "PanelData": {
            "Images": ["ThankYou.png"],
            "TextLines": [{
                "Text": "Transaction.ThankYou"
              }
            ]
          }
        }, {
          "Type": "StaticAdsPanel"
        }, {
          "Type": "FooterPanel",
          "PanelData": {
            "FooterPanelText": ""
          }
        }
      ]
    }, {
      "ScreenName": "thank-you",
      "Priority": 3,
      "Rules": {
        "PromptId": [
          900
        ],
        "Text": ["Thank You"],
        "PumpState": [
          "Ready"
        ]
      },
      "Panels": [{
          "Type": "DateTimePanel"
        }, {
          "Type": "TextPanel",
          "PanelData": {
            "PanelName": "wait-message-screen",
            "TextLines": [{
                "Text": "Transaction.PleaseWait"
              }
            ]
          }
        }, {
          "Type": "StaticAdsPanel"
        }, {
          "Type": "FooterPanel",
          "PanelData": {
            "FooterPanelText": ""
          }
        }
      ]
    }, {
      "ScreenName": "refund-inside",
      "Priority": 5,
      "Rules": {
        "PromptId": [900],
        "Text": ["REFUND INSIDE"]
      },
      "Panels": [{
          "Type": "DateTimePanel"
        }, {
          "Type": "TextPanel",
          "PanelData": {
            "Images": ["ThankYou.png"],
            "TextLines": [{
                "Text": "Transaction.ThankYou"
              }, {
                "Text": "Transaction.Refund"
              }
            ]
          }
        }, {
          "Type": "StaticAdsPanel"
        }, {
          "Type": "FooterPanel",
          "PanelData": {
            "FooterPanelText": ""
          }
        }
      ]
    }, {
      "ScreenName": "replace-nozzle",
      "Rules": {
        "PromptId": [327]
      },
      "Panels": [{
          "Type": "DateTimePanel"
        }, {
          "Type": "TextPanel",
          "PanelData": {
            "Images": ["ReplaceNozzle.gif"],
            "TextLines": [{
                "Text": "Fueling.ReplaceNozzle"
              }
            ]
          }
        }, {
          "Type": "StaticAdsPanel"
        }, {
          "Type": "FooterPanel",
          "PanelData": {
            "FooterPanelText": ""
          }
        }
      ]
    }, {
      "ScreenName": "press-enter-key",
      "Rules": {
        "PromptId": [
          328
        ]
      },
      "Panels": [{
          "Type": "DateTimePanel"
        }, {
          "Type": "TextPanel",
          "PanelData": {
            "Images": ["EnterAmount.png"],
            "TextLines": [{
                "Text": "Transaction.PressEnterKey"
              }
            ]
          }
        }, {
          "Type": "GradeSelectionPanel",
          "PanelData": {
            "RotateKeys": false
          }
        }, {
          "Type": "FooterPanel",
          "PanelData": {
            "FooterPanelText": ""
          }
        }
      ]
    }, {
      "ScreenName": "ask-carwash",
      "Rules": {
        "PromptId": [
          443
        ]
      },
      "Panels": [{
          "Type": "DateTimePanel"
        }, {
          "Type": "TextPanel",
          "PanelData": {
            "Images": ["DxPromote.Carwash.Images"],
            "TextLines": [{
                "Text": "Carwash.Ask"
              }
            ]
          }
        }, {
          "Type": "GradeSelectionPanel",
          "PanelData": {
            "RotateKeys": false
          }
        }, {
          "Type": "FooterPanel",
          "PanelData": {
            "FooterPanelText": ""
          }
        }
      ]
    }, {
      "ScreenName": "select-carwash",
      "Rules": {
        "PromptId": [
          444,
          445
        ]
      },
      "Panels": [{
          "Type": "DateTimePanel"
        }, {
          "Type": "CarwashPanel",
          "PanelData": {
            "Images": [ "DxPromote.Carwash.Images" ],
			"SpecialSoftKeysMap": ["More", "Thanks"],
			"PriceMap": "\\$?[\\d\\.]+\\$?",
			"TextLines": [ { "Text": "Carwash.Select" } ],
			"SoftKeyOrder": "GTI"
          }
        }, {
          "Type": "GradeSelectionPanel",
          "PanelData": {
            "RotateKeys": false
          }
        }, {
          "Type": "FooterPanel",
          "PanelData": {
            "FooterPanelText": ""
          }
        }
      ]
    }, {
      "ScreenName": "insert-credit-card",
      "Rules": {
        "PromptId": [450]
      },
      "Panels": [{
          "Type": "DateTimePanel"
        }, {
          "Type": "TextPanel",
          "PanelData": {
            "Images": ["InsertCreditCard.gif"],
            "TextLines": [{
                "Text": "Transaction.InsertCreditCard"
              }
            ]
          }
        }, {
          "Type": "GradeSelectionPanel",
          "PanelData": {
            "RotateKeys": false
          }
        }, {
          "Type": "FooterPanel",
          "PanelData": {
            "FooterPanelText": ""
          }
        }
      ]
    }, {
      "ScreenName": "remove-Nozzle-begin-fueling",
      "Rules": {
        "PromptId": [
          454,
          455,
          456,
          457,
          458
        ]
      },
      "Panels": [{
          "Type": "DateTimePanel"
        }, {
          "Type": "TextPanel",
          "PanelData": {
            "Images": ["RemoveNozzleSelectGrade.gif"],
            "TextLines": [{
                "Text": "Fueling.RemoveNozzle"
              }, {
                "Text": "Fueling.SelectBegin"
              }
            ]
          }
        }, {
          "Type": "GradeSelectionPanel",
          "PanelData": {
            "RotateKeys": false
          }
        }, {
          "Type": "FooterPanel",
          "PanelData": {
            "FooterPanelText": ""
          }
        }
      ]
    }, {
      "ScreenName": "remove-Nozzle-begin-fueling",
      "Rules": {
        "PromptId": [
          454,
          455,
          456,
          457,
          458
        ],
        "PumpState": [
          "Ready"
        ]
      },
      "Panels": [{
          "Type": "DateTimePanel"
        }, {
          "Type": "TextPanel",
          "PanelData": {
            "PanelName": "wait-message-screen",
            "TextLines": [{
                "Text": "Transaction.PleaseWait"
              }
            ]
          }
        }, {
          "Type": "StaticAdsPanel"
        }, {
          "Type": "FooterPanel",
          "PanelData": {
            "FooterPanelText": ""
          }
        }
      ]
    }, {
      "ScreenName": "pay-inside-loading",
      "Rules": {
        "PromptId": [
          900,
          977
        ],
        "Text": ["Loading", "PAY INSIDE"]
      },
      "Priority": 6,
      "Panels": [{
          "Type": "DateTimePanel"
        }, {
          "Type": "TextPanel",
          "PanelData": {
            "Images": ["PayInsideLoading.gif"],
            "TextLines": [{
                "Text": "CustomerSequenceManager.Loading"
              }, {
                "Text": "CustomerSequenceManager.PayInsideOnly"
              }
            ]
          }
        }, {
          "Type": "GradeSelectionPanel",
          "PanelData": {
            "RotateKeys": true
          }
        }, {
          "Type": "FooterPanel",
          "PanelData": {
            "FooterPanelText": ""
          }
        }
      ]
    }, {
      "ScreenName": "ask-debit",
      "Rules": {
        "PromptId": [900],
        "Text": ["Debit"]
      },
      "Priority": 2,
      "Panels": [{
          "Type": "DateTimePanel"
        }, {
          "Type": "TextPanel",
          "PanelData": {
            "Images": ["AskDebit.png"],
            "TextLines": [{
                "Text": "Transaction.AskDebit"
              }
            ]
          }
        }, {
          "Type": "GradeSelectionPanel",
          "PanelData": {
            "RotateKeys": false
          }
        }, {
          "Type": "FooterPanel",
          "PanelData": {
            "FooterPanelText": ""
          }
        }
      ]
    }, {
      "ScreenName": "chip-read-failure",
      "Rules": {
        "PromptId": [900],
        "Text": ["Chip Read Failed"]
      },
      "Priority": 7,
      "Panels": [{
          "Type": "DateTimePanel"
        }, {
          "Type": "TextPanel",
          "PanelData": {
            "Images": ["CardFailed.png"],
            "TextLines": [{
                "Text": "Error.ChipNotRead"
              }
            ]
          }
        }, {
          "Type": "GradeSelectionPanel",
          "PanelData": {
            "RotateKeys": false
          }
        }, {
          "Type": "FooterPanel",
          "PanelData": {
            "FooterPanelText": ""
          }
        }
      ]
    }, {
      "ScreenName": "waiting-for-cashier",
      "Priority": 5,
      "Rules": {
        "PromptId": [900],
        "Text": ["Waiting for"]
      },
      "Panels": [{
          "Type": "DateTimePanel"
        }, {
          "Type": "TextPanel",
          "PanelData": {
            "PanelName": "wait-message-screen",
            "TextLines": [{
                "Text": "Transaction.WaitingForCashier"
              }
            ]
          }
        }, {
          "Type": "GradeSelectionPanel",
          "PanelData": {
            "RotateKeys": false
          }
        }, {
          "Type": "FooterPanel",
          "PanelData": {
            "FooterPanelText": ""
          }
        }
      ]
    }, {
      "ScreenName": "pay-cashier",
      "Priority": 4,
      "Rules": {
        "PromptId": [900],
        "Text": ["Cashier"]
      },
      "Panels": [{
          "Type": "DateTimePanel"
        }, {
          "Type": "TextPanel",
          "PanelData": {
            "Images": ["PayCashierInsideStore.gif"],
            "TextLines": [{
                "Text": "Transaction.PayClerkInside"
              }
            ]
          }
        }, {
          "Type": "GradeSelectionPanel",
          "PanelData": {
            "RotateKeys": true
          }
        }, {
          "Type": "FooterPanel",
          "PanelData": {
            "FooterPanelText": ""
          }
        }
      ]
    }, {
      "ScreenName": "insert-loyalty",
      "Priority": 4,
      "Rules": {
        "PromptId": [900],
        "Text": ["Insert Loyalty"]
      },
      "Panels": [{
          "Type": "DateTimePanel"
        }, {
          "Type": "TextPanel",
          "PanelData": {
            "Images": ["InsertCard.gif"],
            "TextLines": [{
                "Text": "Transaction.InsertLoyaltyCard"
              }
            ]
          }
        }, {
          "Type": "GradeSelectionPanel",
          "PanelData": {
            "RotateKeys": false
          }
        }, {
          "Type": "FooterPanel",
          "PanelData": {
            "FooterPanelText": ""
          }
        }
      ]
    }, {
      "ScreenName": "insert-rewards",
      "Priority": 4,
      "Rules": {
        "PromptId": [900],
        "Text": ["Insert Rewards"]
      },
      "Panels": [{
          "Type": "DateTimePanel"
        }, {
          "Type": "TextPanel",
          "PanelData": {
            "Images": ["InsertCard.gif"],
            "TextLines": [{
                "Text": "Transaction.InsertRewardsCard"
              }
            ]
          }
        }, {
          "Type": "GradeSelectionPanel",
          "PanelData": {
            "RotateKeys": false
          }
        }, {
          "Type": "FooterPanel",
          "PanelData": {
            "FooterPanelText": ""
          }
        }
      ]
    }, {
      "ScreenName": "present-payment",
      "Rules": {
        "PromptId": [900],
        "Text": ["Welcome"],
        "PresenceDetected": true
      },
      "Priority": 1,
      "Panels": [{
          "Type": "DateTimePanel"
        }, {
          "Type": "TextPanel",
          "PanelData": {
            "Images": [
              "InsertCard.png",
              "Loyalty.png",
              "TapPhone.png"
            ],
            "ImagePosition": "Bottom",
            "TextLines": [{
                "Text": "Transaction.PaymentLoyaltyWithTap"
              }, {
                "Text": "Transaction.LeaveCard"
              }
            ]
          }
        }, {
          "Type": "GradeSelectionPanel",
          "PanelData": {
            "RotateKeys": false
          }
        }, {
          "Type": "FooterPanel",
          "PanelData": {
            "FooterPanelText": ""
          }
        }
      ],
      "Params": {
        "ClearUserSessionData": true
      }
    }, {
      "ScreenName": "thanks-pre-payment",
      "Rules": {
        "PromptId": [900],
        "Text": ["Thanks"]
      },
      "Priority": 3,
      "Panels": [{
          "Type": "DateTimePanel"
        }, {
          "Type": "TextPanel",
          "PanelData": {
            "TextLines": [{
                "Text": "Transaction.Welcome"
              }, {
                "Text": "Transaction.Thanks"
              }
            ]
          }
        }, {
          "Type": "GradeSelectionPanel",
          "PanelData": {
            "RotateKeys": false
          }
        }, {
          "Type": "FooterPanel",
          "PanelData": {
            "FooterPanelText": ""
          }
        }
      ]
    }, {
      "ScreenName": "sale-declined",
      "Priority": 3,
      "Rules": {
        "PromptId": [999],
        "Text": ["Declined"]
      },
      "Panels": [{
          "Type": "DateTimePanel"
        }, {
          "Type": "TextPanel",
          "PanelData": {
            "Images": ["SaleDeclined.png"],
            "TextLines": [{
                "Text": "Error.SaleDeclined"
              }, {
                "Text": "Transaction.SeeAttendant"
              }
            ]
          }
        }, {
          "Type": "GradeSelectionPanel",
          "PanelData": {
            "RotateKeys": false
          }
        }, {
          "Type": "FooterPanel",
          "PanelData": {
            "FooterPanelText": ""
          }
        }
      ],
      "Actions": {
        "StateMachine": {
          "Event": "UserPortalLogout",
          "Data": "Sale Declined"
        }
      }
    }, {
      "ScreenName": "see-cashier",
      "Priority": 2,
      "Rules": {
        "PromptId": [999],
        "Text": ["See Cashier"]
      },
      "Panels": [{
          "Type": "DateTimePanel"
        }, {
          "Type": "TextPanel",
          "PanelData": {
            "Images": ["SeeCashier.png"],
            "TextLines": [{
                "Text": "Transaction.SeeCashier"
              }
            ]
          }
        }, {
          "Type": "GradeSelectionPanel",
          "PanelData": {
            "RotateKeys": false
          }
        }, {
          "Type": "FooterPanel",
          "PanelData": {
            "FooterPanelText": ""
          }
        }
      ]
    }, {
      "ScreenName": "loading-complete",
      "Priority": 7,
      "Rules": {
        "PromptId": [
          977,
          999
        ],
        "Text": ["LOADING COMPLETE"]
      },
      "Panels": [{
          "Type": "DateTimePanel"
        }, {
          "Type": "TextPanel",
          "PanelData": {
            "Images": ["LoadingComplete.gif"],
            "TextLines": [{
                "Text": "CustomerSequenceManager.LoadingComplete"
              }
            ]
          }
        }, {
          "Type": "GradeSelectionPanel",
          "PanelData": {
            "RotateKeys": true
          }
        }, {
          "Type": "FooterPanel",
          "PanelData": {
            "FooterPanelText": ""
          }
        }
      ]
    }, {
      "ScreenName": "pinpad-fault",
      "Rules": {
        "PromptId": [
          1002
        ]
      },
      "Panels": [{
          "Type": "DateTimePanel"
        }, {
          "Type": "TextPanel",
          "PanelData": {
            "Images": ["Not-available.png"],
            "TextLines": [{
                "Text": "CustomerSequenceManager.TryAnotherDispenser"
              }, {
                "Text": "Error.PINPadFault"
              }
            ]
          }
        }, {
          "Type": "GradeSelectionPanel",
          "PanelData": {
            "RotateKeys": true
          }
        }, {
          "Type": "FooterPanel",
          "PanelData": {
            "FooterPanelText": ""
          }
        }
      ]
    }, {
      "ScreenName": "wait-processing-card",
      "Rules": {
        "PromptId": [
          1008
        ]
      },
      "Panels": [{
          "Type": "DateTimePanel"
        }, {
          "Type": "TextPanel",
          "PanelData": {
            "Images": ["DoNotRemoveCard.png"],
            "TextLines": [{
                "Text": "Transaction.PleaseWait"
              }, {
                "Text": "Transaction.DoNotRemove"
              }
            ]
          }
        }, {
          "Type": "GradeSelectionPanel",
          "PanelData": {
            "RotateKeys": false
          }
        }, {
          "Type": "FooterPanel",
          "PanelData": {
            "FooterPanelText": ""
          }
        }
      ]
    }, {
      "ScreenName": "processing-card",
      "Rules": {
        "PromptId": [
          1009,
          1016
        ]
      },
      "Panels": [{
          "Type": "DateTimePanel"
        }, {
          "Type": "TextPanel",
          "PanelData": {
            "Images": ["DoNotRemoveCard.png"],
            "TextLines": [{
                "Text": "Transaction.Processing"
              }, {
                "Text": "Transaction.DoNotRemove"
              }
            ]
          }
        }, {
          "Type": "GradeSelectionPanel",
          "PanelData": {
            "RotateKeys": false
          }
        }, {
          "Type": "FooterPanel",
          "PanelData": {
            "FooterPanelText": ""
          }
        }
      ]
    }, {
      "ScreenName": "authorizinging-card",
      "Rules": {
        "PromptId": [
          1010,
          1017
        ]
      },
      "Panels": [{
          "Type": "DateTimePanel"
        }, {
          "Type": "TextPanel",
          "PanelData": {
            "Images": ["DoNotRemoveCard.png"],
            "TextLines": [{
                "Text": "Transaction.Authorizing"
              }, {
                "Text": "Transaction.DoNotRemove"
              }
            ]
          }
        }, {
          "Type": "GradeSelectionPanel",
          "PanelData": {
            "RotateKeys": false
          }
        }, {
          "Type": "FooterPanel",
          "PanelData": {
            "FooterPanelText": ""
          }
        }
      ]
    }, {
      "ScreenName": "PIN-locked",
      "Rules": {
        "PromptId": [
          1011,
          1020
        ]
      },
      "Panels": [{
          "Type": "DateTimePanel"
        }, {
          "Type": "TextPanel",
          "PanelData": {
            "Images": ["CardFailed.png"],
            "TextLines": [{
                "Text": "Error.PINLocked"
              }, {
                "Text": "Transaction.TryAnotherCard"
              }
            ]
          }
        }, {
          "Type": "GradeSelectionPanel",
          "PanelData": {
            "RotateKeys": false
          }
        }, {
          "Type": "FooterPanel",
          "PanelData": {
            "FooterPanelText": ""
          }
        }
      ]
    }, {
      "ScreenName": "language-selection",
      "Rules": {
        "PromptId": [
          1012,
          1031
        ]
      },
      "Panels": [{
          "Type": "DateTimePanel"
        }, {
          "Type": "TextPanel",
          "PanelData": {
            "Images": ["tapscreen.png"],
            "TextLines": [{
                "Text": "Transaction.SelectLanguage"
              }
            ]
          }
        }, {
          "Type": "GradeSelectionPanel",
          "PanelData": {
            "RotateKeys": false
          }
        }
      ]
    }, {
      "ScreenName": "max-auth-selection",
      "Rules": {
        "PromptId": [
          1013
        ]
      },
      "Panels": [{
          "Type": "DateTimePanel"
        }, {
          "Type": "TextPanel",
          "PanelData": {
            "Images": ["tapscreen.png"],
            "TextLines": [{
                "Text": "Transaction.SelectMaxAuth"
              }
            ]
          }
        }, {
          "Type": "GradeSelectionPanel",
          "PanelData": {
            "RotateKeys": false
          }
        }
      ]
    }, {
      "ScreenName": "account-selection",
      "Rules": {
        "PromptId": [
          1014
        ]
      },
      "Panels": [{
          "Type": "DateTimePanel"
        }, {
          "Type": "TextPanel",
          "PanelData": {
            "Images": ["tapscreen.png"],
            "TextLines": [{
                "Text": "Transaction.SelectAccount"
              }, {
                "Text": "Transaction.UseKeypad"
              }
            ]
          }
        }, {
          "Type": "GradeSelectionPanel",
          "PanelData": {
            "RotateKeys": false
          }
        }
      ]
    }, {
      "ScreenName": "system-initializing",
      "PromptId": [
        1015,
        118002
      ],
      "Panels": [{
          "Type": "DateTimePanel"
        }, {
          "Type": "TextPanel",
          "PanelData": {
            "PanelName": "wait-message-screen",
            "TextLines": [{
                "Text": "CustomerSequenceManager.Initializing"
              }
            ]
          }
        }, {
          "Type": "GradeSelectionPanel",
          "PanelData": {
            "RotateKeys": true
          }
        }, {
          "Type": "FooterPanel",
          "PanelData": {
            "FooterPanelText": ""
          }
        }
      ]
    }
  ]
}
