{
  "TerminalNumber": 1,
  "Printer": 0,
  "Scanner": 0,
  "CardReader": 0,
  "ContactlessReader": 0,
  "Network": {
    "Address": "172.29.2.101",
    "Gateway": "172.29.2.1",
    "Netmask": "255.255.255.0",
    "PreferredDnsServer": "8.8.8.8",
    "AlternateDnsServer": "8.8.4.4",
    "DhcpEnabled": false
  },
  "Spm": {
    "SpmAddress": "172.29.1.101",
    "SpmDefaultGateway": "172.29.1.1",
    "SpmSubnetMask": "255.255.255.0"
  },
  "Pos": {
    "Address": "192.168.31.11",
    "Port": 9700,
    "PosInterface": 1
  },
  "TimeZoneConfiguration": {
    "CurrentTimeZone": 6
  },
  "SyncSpmTime": true,
  "AvalanSshConfiguration": {
    "PosVlanId": "111",
    "NonPosVlanId": "112",
    "Server": "172.17.12.1",
    "Username": "482e252b",
    "Password": "88b61b45f852fbe1d26643698184f374"
  },
  "ProductionPhase": 1
}