{
  "TransientCertificatesStorePath": "%Config%\\Certificates",
  "TipcTcpTlsCertificatesStorePath": "%Config%\\Certificates",
  "HeartbeatInterval": 10,
  "MessageBroker": {
    "Host": "127.0.0.1",
    "Port": 5672,
    "UserName": "guest",
    "Password": "guest",
    "VirtualHost": "/",
    "UseSsl": false,
    "SslVersion": "Tls12",
    "RequestedHeartbeat": 60,
    "RequestedConnectionTimeout": 5000
  },
  "LoggerConfigurationStatic": {
    "RepeatedFilterTimeoutSeconds": 35
  },
  "HardwareManagerConfiguration": {
    "PluginPathPattern": "C:\\SVMX\\Plugins\\HardwareManager\\SVMX*Plugin.dll",
    "IncludeSubdirectories": true,
    "ConnectionAttemptDelay": "00:00:03",
    "ConnectionTimeout": "00:00:10",
    "WatchdogInterval": "00:00:20"
  },
  "SecurityKey": {
    "KeyFileName": "security_key.pem"
  },
  "OsApi": {
    "ConnectionString": "Host=127.0.0.1,Port=20035",
    "UseTls": true,
    "CertificateFileName": "jail.p12",
    "WatchdogIntervalFile": "/var/os_app/conf/watchdogInterval",
    "JailKeyFile": "/var/os_app/conf/jailKey",
    "DefaultWatchdogInterval": 5,
    "DefaultRequestTimeout": "00:00:03",
    "DefaultJailKey": "JAIL_KEY"
  },
  "WebApps": {
    "CustomerApp": {
      "ApplicationRoot": "c:\\SVMX\\Applications\\SVMX.CustomerAppUI",
      "Endpoints": "https://127.0.0.1:5000",
      "Path": "/#/?key=",
      "CertificateFileName": "application_web_host_key.p12",
      "CertificatePassword": ""
    },
    "PumpApp": {
      "ApplicationRoot": "c:\\SVMX\\Applications\\SVMX.PumpAppUI",
      "Endpoints": "https://127.0.0.1:5002",
      "Path": "/#/?key=",
      "CertificateFileName": "application_web_host_key.p12",
      "CertificatePassword": ""
    },
    "SecurePromptApp": {
      "ApplicationRoot": "c:\\SVMX\\Applications\\SVMX.SecurePromptAppUI",
      "Endpoints": "https://127.0.0.1:5001",
      "Path": "/#/?key=",
      "CertificateFileName": "application_web_host_key.p12",
      "CertificatePassword": ""
    },
    "ThirdPartyApp": {
      "ApplicationRoot": "c:\\SVMX\\Applications\\SVMX.ThirdPartyApps",
      "Endpoints": "http://127.0.0.1:5003",
      "Path": "",
      "CertificateFileName": "application_web_host_key.p12",
      "CertificatePassword": ""
    }
  },
  "ISenseControllerStatic": {
    "ConnectionTimeout": "00:00:20",
    "ConnectionAttemptDelay": "00:00:15",
    "QueueInterval": "00:00:02",
    "StatusReportSampleInterval": "00:00:10",
    "IoTHubTimeout": 8000,
    "CloudEvents": {
      "FileUpload": "InitiateFileUpload",
      "DoorSecurity": "DisableDoorSecurity",
      "DefaultMethodName": "Default",
      "FileDownload": "InitiateFileDownload",
      "Reboot": "Reboot"
    },
    "DeviceType": "Anthem",
    "CachePath": "isense-cache.json",
    "RegistryCacheName": "ISense",
    "StoragePath": "isense",
    "SystemLogsPeriod": "7.00:00:00",
    "SystemLogsTypes": [
      "Application",
      "System",
      "Security"
    ],
    "SoftwareUpdateRequestDelay": "00:01:00",
    "ISenseHeartbeatInterval": 300,
    "TelemetryMessageThrottle": "00:00:20",
    "ScreenCapture": {
      "Quality": 85,
      "MimeType": "image/jpeg",
      "Scale": 1.0
    }
  },
  "ApplicationWebApiConfiguration": {
    "Endpoints": "https://127.0.0.1:2145",
    "CertificateFileName": "application_web_host_key.p12",
    "CertificatePassword": ""
  },
  "GsdgApiStatic": {
    "GsdgPaths": {
      "advertise": "Advertise",
      "media": "Media",
      "traffic": "Traffic",
      "weather": "Weather",
      "channels": "Channels"
    },
    "RootFolderName": "Media2"
  },
  "MediaControllerConfiguration": {
    "Endpoints": "https://127.0.0.1:7000",
    "CertificateFileName": "application_web_host_key.p12",
    "CertificatePassword": "",
    "AdvertisePlaylistFile": "Playlist_StaticAds.xml",
    "MediaPlaylistFile": "Playlist_Media.xml",
    "RootFolderName": "Media2",
    "DefaultFileName": "GSTV16985_SIZZLE_081117.mp4",
    "MediaFolders": {
      "advertise": "/Advertise/",
      "media": "/Media/",
      "traffic": "/Traffic/",
      "weather": "/Weather/",
      "channels": "/Channels/"
    },
    "WeatherPlaylistFile": "Playlist_Weather.xml",
    "TrafficPlaylistFile": "Playlist_Traffic.xml",
    "ChannelsPlaylistFile": "Playlist_Channels.xml",
    "MediaSubDirectories": [
      "Advertise",
      "Media",
      "Channels",
      "Weather",
      "Traffic",
      "MDS"
    ],
    "PackagesNumber": 3,
    "SlotCheckInterval": "00:01:00",
    "DoverDefaultMedia": "DefaultMedia"
  },
  "PresenceDetectionConfiguration": {
    "CameraDeviceId": "0",
    "FrameDelay": "00:00:01",
    "FrameWidth": 640,
    "FrameHeight": 480,
    "DetectionMode": "Default",
    "IsFailureDetectionEnabled": true,
    "FailureDetectionWindow": "00:01:00",
    "MinFailedFrames": 5,
    "IsFeaturesDetectionEnabled": false,
    "ClassifiersConfiguration": {
      "1": {
        "ClassifierPath": "Classifiers/haarcascade_frontalface_default.xml",
        "ScaleFactor": 1.3,
        "MinimumNeighbors": 5,
        "MinSizeWidth": 50,
        "MinSizeHeight": 50
      }
    }
  },
  "UserPortalStateTimeout": "00:00:10",
  "UserPortalSessionTimeout": "00:01:30",
  "CheckingInternetAccessTimeout": "00:00:02",
  "WaitForCustomerAppTimeout": "00:00:05",
  "BrandingPreviewDiagnosticsTimeout": "00:01:00",
  "DisplayAppConfiguration": {
    "PumpAppUrl": "https://127.0.0.1:5002/#/?key=",
    "SecurePromptAppUrl": "https://127.0.0.1:5001/#/?key=",
    "CustomerAppUrl": "https://127.0.0.1:5000/#/?key=",
    "Layout": "index.html",
    "DefaultWidth": 1080,
    "DefaultHeight": 1920,
    "HeightTop": 422,
    "TouchPatternWindow": "00:00:05",
    "TouchPatterns": {
      "Maintenance": {
        "Touches": {
          "0": {
            "FromX": 0.0,
            "FromY": 0.8,
            "ToX": 0.2,
            "ToY": 1.0
          },
          "1": {
            "FromX": 0.8,
            "FromY": 0.8,
            "ToX": 1.0,
            "ToY": 1.0
          },
          "2": {
            "FromX": 0.0,
            "FromY": 0.8,
            "ToX": 0.2,
            "ToY": 1.0
          }
        }
      }
    }
  },
  "DispenserWebApiConfiguration": {
    "Endpoints": "https://127.0.0.1:2146",
    "CertificateFileName": "application_web_host_key.p12",
    "CertificatePassword": ""
  },
  "Currency": "EUR",
  "Timing": {
    "MinTimeBetweenFuelInfoMessages": "00:00:00.1500000",
    "MinTimeBetweenFuelInfoMessagesIdle": "00:00:03",
    "TimeoutForComplete7SegInfoSequence": "00:00:03",
    "TimeoutForCompleteConfigurationInfoSequence": "00:00:03",
    "TimeoutForCompleteSalesDataSequence": "00:00:03",
    "MaxTimeBetweenReceivedSalesMessages": "00:00:10",
    "MaxTimeForUnresponsiveUi": "00:00:10"
  },
  "TransportParameters": {
    "MessageIdUSCL": 256,
    "MessageIdUI": 770,
    "TransportType": "CAN",
    "TcpEndpoint": "127.0.0.1:11000"
  },
  "PumpControllerActorConfiguration": {
    "DefaultAuthoriseAmount": 990.0,
    "ActOnPhysicalNozzleChange": false,
    "MaxNbNozzleUpDown": 3,
    "FillingStartTime": "00:03:00",
    "OverallFillingTime": "00:30:00"
  },
  "ApplicationName": "SVMX",
  "ApplicationVersion": "1.18.2.687",
  "TerminalType": "L2",
  "LanguageCodes": {
    "English": "en",
    "French": "fr",
    "Spanish": "es",
    "Portuguese": "pt"
  },
  "DefaultLanguageCode": "en",
  "InoperativeInterval": "00:00:10",
  "MajorErrorInterval": "00:00:05",
  "MaintenanceTimeout": "00:10:00",
  "EnterMaintenanceTimeout": "00:00:10",
  "SecurityModuleController": {
    "SecureDevicePublishInterval": 20,
    "TlsPort": 4567,
    "TimeoutInterval": 5000,
    "DisplayIdentifier": "SVMX",
    "POSTextMapperPath": "",
    "SpmTelemetryCommandsInterval": "00:01:00",
    "ClientCertificateValidation": false
  },
  "Timeouts": {
    "GetSingleDeviceStateTimeout": "00:00:10",
    "SetDisplaySecurityRequest": "00:00:10",
    "ResetDisplaySecurityRequest": "00:00:10",
    "InvalidAccessCode": "00:00:03",
    "GetDeviceInfo": "00:00:10",
    "GetBasicSystemInformation": "00:00:15",
    "GetAdvancedSystemInformation": "00:00:30",
    "VerifyChallengeCode": "00:00:05",
    "GetChallengeCode": "00:00:05",
    "GetPairingInformation": "00:00:10",
    "TransitionToRunMode": "00:00:10",
    "ToggleKeypad": "00:00:05",
    "OsApiRequest": "00:00:05",
    "SaveOSTimeZone": "00:00:05",
    "SaveAppliedTimeZone": "00:00:05",
    "InformationMessage": "00:00:05",
    "EnableCardReaders": "00:00:10",
    "ToggleScanner": "00:00:10",
    "ReleaseCardReaders": "00:00:10",
    "ReEnableContactlessReader": "00:00:10",
    "ErrorMessage": "00:00:05",
    "CardReadDiagnosticsResultScreen": "00:00:05",
    "GetPrinterStatus": "00:00:05",
    "TransitionToMaintenanceMode": "00:00:10",
    "PrintSystemInformation": "00:00:20",
    "KeepChallengeCode": "00:10:00",
    "WaitForCustomerApp": "00:00:10",
    "PrintRequest": "00:00:10",
    "SyncSpmTime": "00:00:03",
    "SpmPairingTimeout": "00:00:05",
    "TcpClientReconnectionDelay": "00:00:05",
    "GetDeviceTwinRequest": "00:00:05",
    "SiteCodeUpdateRequest": "00:00:30",
    "ISenseConnectionStatusRetrieveTimeout": "00:00:05"
  },
  "Canbus": {
    "Port": "can0",
    "Bitrate": 1000000,
    "ExtraParameters": "sample-point 0.85"
  },
  "SpmStatic": {
    "PairingPort": 9876,
    "BroadcastAddress": "255.255.255.255",
    "SystemLogPath": "C:/SVMX/Log/SPM2",
    "MaxHeartbeatInterval": 60,
    "FoldersToBeReplicated": [
      "CustomerApp",
      "C150FW",
      "P95FW"
    ]
  },
  "AccessCodeHash": "0E459A635F1682C71EFD066ABBD505E33C930B37E36AD7EECC4D66AD2E5C0CD2",
  "AccessCodeSalt": "75CAAD39-1255-4B7D-AC93-13AC0C6ED7C5",
  "RebootTime": "02:00:00",
  "RebootRequestInterval": "00:01:00",
  "OperationalCheckInterval": "00:00:30",
  "Brightness": {
    "BacklightDir": "/sys/class/backlight/backlight",
    "ActualBrightnessFile": "actual_brightness",
    "MaxBrightnessFile": "max_brightness",
    "DefaultBrightnessLevel": 7
  },
  "Diagnostic": {
    "ReadInterval": "00:00:02"
  },
  "IsDevelopment": false,
  "AlternateCertificatePrefixes": {
    "Anthem": "ISense",
    "Payment": "SPM2"
  },
  "RemoteLoggerPort": 20499,
  "DeviceInfoRetrieveTimeout": "00:00:10",
  "VolumeRetrieveTimeout": "00:00:01",
  "MessageResponseTimeout": "00:00:05",
  "AvalanPassphrase": "dUt0N3hwRj9hR1FaZGY3UzlLRiZ0eFYtQENVY0J3P1Q=",
  "AvalanIV": "va@?e-W^^+_2cHq?",
  "GetSecureDeviceStateMaxAttempts": 3
}