{
  "FileName": "tier.configuration.json",
  "IsReadOnly": false,
  "Caption": "",
  "Tier": {
    "Settings": {
      "MediaEnabled": true,
      "MediaTraffic": true,
      "MediaWeather": true,
      "MediaThirdPartyApps": true,
      "MediaBannerAds": true,
      "RealTimeClock": true,
      "DarkModeChoice": true,
      "LanguageChoice": true,
      "Guidance": true,
      "Branding": true,
      "DigitalReceipts": true
    },
    "ValidTo": "2030-01-01T00:00:00"
  },
  "DeviceId": null,
  "TierName": "Tier 4 - 27in Anthem",
  "Hash": "5FCB243A3BA09D0122593EF73DE0EEEAE8E6B51425FC91738E68B8F6B793BD94"
}