{
    "keep": {
        "days": true,
        "amount": 7
    },
    "auditLog": "c:\\SVMX\\Log\\CustomerApp\\.audit.json",
    "files": [
        {
            "date": 1709704832180,
            "name": "c:\\SVMX\\Log\\CustomerApp\\CustomerAppUI.2024-03-06.log",
            "hash": "b45eca36cad5711325126509d37a0e2d"
        },
        {
            "date": 1709791232089,
            "name": "c:\\SVMX\\Log\\CustomerApp\\CustomerAppUI.2024-03-07.log",
            "hash": "b4a0402ed3cd1493906846cf218179d0"
        },
        {
            "date": 1709877632974,
            "name": "c:\\SVMX\\Log\\CustomerApp\\CustomerAppUI.2024-03-08.log",
            "hash": "5e052104a7bcfeef11daaacb0a40f9e1"
        },
        {
            "date": 1709964032113,
            "name": "c:\\SVMX\\Log\\CustomerApp\\CustomerAppUI.2024-03-09.log",
            "hash": "45932228a839e3d5a3461d8b13f5966c"
        },
        {
            "date": 1710050432130,
            "name": "c:\\SVMX\\Log\\CustomerApp\\CustomerAppUI.2024-03-10.log",
            "hash": "e63b1bfc3d2747b2b4cacd8a221d5ae7"
        },
        {
            "date": 1710133232879,
            "name": "c:\\SVMX\\Log\\CustomerApp\\CustomerAppUI.2024-03-11.log",
            "hash": "ba54f91216476dce65e0583dc91b0a78"
        },
        {
            "date": 1710219632155,
            "name": "c:\\SVMX\\Log\\CustomerApp\\CustomerAppUI.2024-03-12.log",
            "hash": "3a48889e6c4f2ba1cd12e759ff8df53d"
        },
        {
            "date": 1710306032109,
            "name": "c:\\SVMX\\Log\\CustomerApp\\CustomerAppUI.2024-03-13.log",
            "hash": "20124068c9ffee547005998c91e466be"
        }
    ],
    "hashType": "md5"
}