{
  "Result": 0,
  "ResultMessage": "Update finished successfully.",
  "UpdateSource": "REMOTE",
  "UpdateFolder": "C:\\SVMX\\Temp\\isense\\3f0ebd9f-db2c-4189-ad26-2f0121a493bc\\install",
  "WindowsUpdateEntries": [
    {
      "UpdateType": "CatalogAdd",
      "FileName": "SVMX-ApplicationManager.4.0.0.98.cat",
      "UniqueIdentifier": null,
      "LogFileName": null,
      "ExitCode": 0,
      "ResultDescription": "File added successfully to catalog",
      "UpdateLogEntries": null
    },
    {
      "UpdateType": "CatalogAdd",
      "FileName": "SVMX-CertificatesProduction.1.13.0.4.cat",
      "UniqueIdentifier": null,
      "LogFileName": null,
      "ExitCode": 0,
      "ResultDescription": "File added successfully to catalog",
      "UpdateLogEntries": null
    },
    {
      "UpdateType": "CatalogAdd",
      "FileName": "SVMX-Configuration-Default.1.9.3.768.cat",
      "UniqueIdentifier": null,
      "LogFileName": null,
      "ExitCode": 0,
      "ResultDescription": "File added successfully to catalog",
      "UpdateLogEntries": null
    },
    {
      "UpdateType": "CatalogAdd",
      "FileName": "SVMX-Core.1.20.5.463.cat",
      "UniqueIdentifier": null,
      "LogFileName": null,
      "ExitCode": 0,
      "ResultDescription": "File added successfully to catalog",
      "UpdateLogEntries": null
    },
    {
      "UpdateType": "CatalogAdd",
      "FileName": "SVMX-DefaultMedia.1.5.0.23.cat",
      "UniqueIdentifier": null,
      "LogFileName": null,
      "ExitCode": 0,
      "ResultDescription": "File added successfully to catalog",
      "UpdateLogEntries": null
    },
    {
      "UpdateType": "CatalogAdd",
      "FileName": "SVMX-DisplayApp.3.6.170.0.cat",
      "UniqueIdentifier": null,
      "LogFileName": null,
      "ExitCode": 0,
      "ResultDescription": "File added successfully to catalog",
      "UpdateLogEntries": null
    },
    {
      "UpdateType": "CatalogAdd",
      "FileName": "SVMX-Tier-Tier4.2.0.0.4.cat",
      "UniqueIdentifier": null,
      "LogFileName": null,
      "ExitCode": 0,
      "ResultDescription": "File added successfully to catalog",
      "UpdateLogEntries": null
    },
    {
      "UpdateType": "CatalogAdd",
      "FileName": "SVMX-TouchDriver.2.0.0.2.cat",
      "UniqueIdentifier": null,
      "LogFileName": null,
      "ExitCode": 0,
      "ResultDescription": "File added successfully to catalog",
      "UpdateLogEntries": null
    },
    {
      "UpdateType": "Uninstall",
      "FileName": "core_updateassistant.1.20.5.463.msi",
      "UniqueIdentifier": "{47764922-1E6D-48EA-99B2-059162E831D2}",
      "LogFileName": "core_updateassistant_2024-02-20T09_40_21_uninstall.log",
      "ExitCode": 0,
      "ResultDescription": "SUCCESS",
      "UpdateLogEntries": {
        "PackageCode": " {527473B4-E1F2-419F-80F8-1C2E0955591E}",
        "INSTALLDIR": " C:\\SVMX\\Applications\\SVMX.UpdateAssistant\\",
        "ProductCode": " {E5496224-247E-49B1-8ABD-7A582E5EA24B}",
        "ProductName": " SVMX.UpdateAssistant",
        "ProductVersion": " 1.20.4.130"
      }
    },
    {
      "UpdateType": "Uninstall",
      "FileName": "system_certificates_production.1.13.0.4.msi",
      "UniqueIdentifier": "{6924099B-FFDA-41C4-ACEA-B0CA6D02E3B9}",
      "LogFileName": "system_certificates_production_2024-02-20T09_40_25_uninstall.log",
      "ExitCode": 0,
      "ResultDescription": "SUCCESS",
      "UpdateLogEntries": {
        "PackageCode": " {6F7C9F12-062B-4B94-A0E0-15EC617F2A12}",
        "INSTALLDIR": " C:\\SVMX\\Config\\Certificates\\",
        "ProductCode": " {6924099B-FFDA-41C4-ACEA-B0CA6D02E3B9}",
        "ProductName": " SVMX.Certificates - Production",
        "ProductVersion": " 1.13.0.4"
      }
    },
    {
      "UpdateType": "Uninstall",
      "FileName": "system_defaultmedia.1.5.0.23.msi",
      "UniqueIdentifier": "{45CF6BBA-33C2-4BE3-A262-5B2CC1C07A00}",
      "LogFileName": "system_defaultmedia_2024-02-20T09_40_26_uninstall.log",
      "ExitCode": 0,
      "ResultDescription": "SUCCESS",
      "UpdateLogEntries": {
        "PackageCode": " {39223B29-CA8C-4599-A7B9-09A32E2826F9}",
        "INSTALLDIR": " C:\\SVMX\\DefaultMedia\\",
        "ProductCode": " {45CF6BBA-33C2-4BE3-A262-5B2CC1C07A00}",
        "ProductName": " SVMX.DefaultMedia",
        "ProductVersion": " 1.5.0.23"
      }
    },
    {
      "UpdateType": "Uninstall",
      "FileName": "system_touchdriver.2.0.0.2.msi",
      "UniqueIdentifier": "{8DE6611A-958B-410A-90A4-6F1EE7EC3828}",
      "LogFileName": "system_touchdriver_2024-02-20T09_40_26_uninstall.log",
      "ExitCode": 0,
      "ResultDescription": "SUCCESS",
      "UpdateLogEntries": {
        "PackageCode": " {626AAF92-8141-4528-9786-A07759594EE2}",
        "INSTALLDIR": " C:\\SVMX\\Applications\\SVMX.TouchDriver\\",
        "ProductCode": " {8DE6611A-958B-410A-90A4-6F1EE7EC3828}",
        "ProductName": " SVMX.TouchDriver",
        "ProductVersion": " 2.0.0.2"
      }
    },
    {
      "UpdateType": "Uninstall",
      "FileName": "core_customerappui.1.20.5.463.msi",
      "UniqueIdentifier": "{85B2AB1A-D393-4EE1-92FA-4BC0EC6FA8C0}",
      "LogFileName": "core_customerappui_2024-02-20T09_40_27_uninstall.log",
      "ExitCode": 0,
      "ResultDescription": "SUCCESS",
      "UpdateLogEntries": {
        "PackageCode": " {4010F7FE-00B7-428E-AFDE-77EE9B710951}",
        "INSTALLDIR": " C:\\SVMX\\Applications\\SVMX.CustomerAppUI\\",
        "ProductCode": " {200E0EDF-4CEE-40F2-999C-49569562DDD8}",
        "ProductName": " SVMX.CustomerAppUI",
        "ProductVersion": " 1.20.4.130"
      }
    },
    {
      "UpdateType": "Uninstall",
      "FileName": "core_displayappchromium.3.6.170.0.msi",
      "UniqueIdentifier": "{0F927079-4ADE-48DC-ABB3-E2236C84D25B}",
      "LogFileName": "core_displayappchromium_2024-02-20T09_40_30_uninstall.log",
      "ExitCode": 0,
      "ResultDescription": "SUCCESS",
      "UpdateLogEntries": {
        "PackageCode": " {A01655EC-04B5-4613-B7EA-CDFFAE54AD64}",
        "INSTALLDIR": " C:\\SVMX\\Applications\\SVMX.DisplayApp\\",
        "ProductCode": " {0F927079-4ADE-48DC-ABB3-E2236C84D25B}",
        "ProductName": " SVMX.DisplayApp",
        "ProductVersion": " 3.6.170.0"
      }
    },
    {
      "UpdateType": "Uninstall",
      "FileName": "core_displayappcore.3.6.170.0.msi",
      "UniqueIdentifier": "{446AD04C-931D-4105-A895-DAA5C8493126}",
      "LogFileName": "core_displayappcore_2024-02-20T09_40_32_uninstall.log",
      "ExitCode": 0,
      "ResultDescription": "SUCCESS",
      "UpdateLogEntries": {
        "PackageCode": " {1CE7C193-E4F7-4C84-83D8-9DE8B31696A0}",
        "INSTALLDIR": " C:\\SVMX\\Applications\\SVMX.DisplayApp\\",
        "ProductCode": " {446AD04C-931D-4105-A895-DAA5C8493126}",
        "ProductName": " SVMX.DisplayAppCore",
        "ProductVersion": " 3.6.170.0"
      }
    },
    {
      "UpdateType": "Uninstall",
      "FileName": "core_hardwaremanager.1.20.5.463.msi",
      "UniqueIdentifier": "{7A1AE347-6AE6-449F-B0EF-2BEE2C9FC24D}",
      "LogFileName": "core_hardwaremanager_2024-02-20T09_40_33_uninstall.log",
      "ExitCode": 0,
      "ResultDescription": "SUCCESS",
      "UpdateLogEntries": {
        "PackageCode": " {2A811FF4-E5B1-42B3-8B64-1A41E36B8B31}",
        "INSTALLDIR": " C:\\SVMX\\Applications\\SVMX.HardwareManager\\",
        "ProductCode": " {4D6E2598-04EE-4E78-9AAF-C15FD8591643}",
        "ProductName": " SVMX.HardwareManager",
        "ProductVersion": " 1.20.4.130"
      }
    },
    {
      "UpdateType": "Uninstall",
      "FileName": "core_isensecontroller.1.20.5.463.msi",
      "UniqueIdentifier": "{8113B454-2B90-49F0-82F4-4FB312970361}",
      "LogFileName": "core_isensecontroller_2024-02-20T09_40_35_uninstall.log",
      "ExitCode": 0,
      "ResultDescription": "SUCCESS",
      "UpdateLogEntries": {
        "PackageCode": " {813AAEDA-F191-49D5-97DA-25952CB1E84D}",
        "INSTALLDIR": " C:\\SVMX\\Applications\\SVMX.ISenseController\\",
        "ProductCode": " {342961CC-654C-4705-9D1B-3827276FC467}",
        "ProductName": " SVMX.ISenseController",
        "ProductVersion": " 1.20.4.130"
      }
    },
    {
      "UpdateType": "Uninstall",
      "FileName": "core_mediacontroller.1.20.5.463.msi",
      "UniqueIdentifier": "{0BD37363-39CE-4ECA-BCAC-7BF336F1B936}",
      "LogFileName": "core_mediacontroller_2024-02-20T09_40_38_uninstall.log",
      "ExitCode": 0,
      "ResultDescription": "SUCCESS",
      "UpdateLogEntries": {
        "PackageCode": " {60008010-29D2-4776-893A-994004A2960D}",
        "INSTALLDIR": " C:\\SVMX\\Applications\\SVMX.MediaController\\",
        "ProductCode": " {C1A605DC-CDDB-455D-A2BD-155C3294F5F9}",
        "ProductName": " SVMX.MediaController",
        "ProductVersion": " 1.20.4.130"
      }
    },
    {
      "UpdateType": "Uninstall",
      "FileName": "core_pumpappui.1.20.5.463.msi",
      "UniqueIdentifier": "{A7D5C1DF-BD57-47E2-8436-0EC68077727C}",
      "LogFileName": "core_pumpappui_2024-02-20T09_40_40_uninstall.log",
      "ExitCode": 0,
      "ResultDescription": "SUCCESS",
      "UpdateLogEntries": {
        "PackageCode": " {508504BF-2E27-4045-B199-6C9F0A3AB9F8}",
        "INSTALLDIR": " C:\\SVMX\\Applications\\SVMX.PumpAppUI\\",
        "ProductCode": " {EE8E7E4A-266F-4772-B721-9A6AB06000A4}",
        "ProductName": " SVMX.PumpAppUI",
        "ProductVersion": " 1.20.4.130"
      }
    },
    {
      "UpdateType": "Uninstall",
      "FileName": "core_pumpcontroller.1.20.5.463.msi",
      "UniqueIdentifier": "{EBBD9C28-DB40-4A3F-8528-00E20B083171}",
      "LogFileName": "core_pumpcontroller_2024-02-20T09_40_42_uninstall.log",
      "ExitCode": 0,
      "ResultDescription": "SUCCESS",
      "UpdateLogEntries": {
        "PackageCode": " {6BA643D5-434F-4346-93D8-C12B7CA09FD5}",
        "INSTALLDIR": " C:\\SVMX\\Applications\\SVMX.PumpController\\",
        "ProductCode": " {37C8D342-2E65-4C08-B9CE-ACFD3303CCC0}",
        "ProductName": " SVMX.PumpController",
        "ProductVersion": " 1.20.4.130"
      }
    },
    {
      "UpdateType": "Uninstall",
      "FileName": "core_securitymodulecontroller.1.20.5.463.msi",
      "UniqueIdentifier": "{4A108D2A-F0F8-4209-9BCE-DA666B27B407}",
      "LogFileName": "core_securitymodulecontroller_2024-02-20T09_40_44_uninstall.log",
      "ExitCode": 0,
      "ResultDescription": "SUCCESS",
      "UpdateLogEntries": {
        "PackageCode": " {151FA8E5-9CE9-4910-95F0-7F0979FBA3D6}",
        "INSTALLDIR": " C:\\SVMX\\Applications\\SVMX.SecurityModuleController\\",
        "ProductCode": " {CC914EF4-D29A-4E23-B0DA-B36AA965D6EA}",
        "ProductName": " SVMX.SecurityModuleController",
        "ProductVersion": " 1.20.4.130"
      }
    },
    {
      "UpdateType": "Uninstall",
      "FileName": "core_terminalstatemanager.1.20.5.463.msi",
      "UniqueIdentifier": "{5D478FA5-D2EB-4236-8247-4FCA7D07808A}",
      "LogFileName": "core_terminalstatemanager_2024-02-20T09_40_46_uninstall.log",
      "ExitCode": 0,
      "ResultDescription": "SUCCESS",
      "UpdateLogEntries": {
        "PackageCode": " {9C9CAA20-5A66-4B24-8861-B76035B364FA}",
        "INSTALLDIR": " C:\\SVMX\\Applications\\SVMX.TerminalStateManager\\",
        "ProductCode": " {58C3CFEE-8FA7-40FA-AD1F-BB7DE4BE1100}",
        "ProductName": " SVMX.TerminalStateManager",
        "ProductVersion": " 1.20.4.130"
      }
    },
    {
      "UpdateType": "Uninstall",
      "FileName": "core_webapphost.1.20.5.463.msi",
      "UniqueIdentifier": "{2684831A-7633-4841-9748-15041B0ADAEC}",
      "LogFileName": "core_webapphost_2024-02-20T09_40_48_uninstall.log",
      "ExitCode": 0,
      "ResultDescription": "SUCCESS",
      "UpdateLogEntries": {
        "PackageCode": " {D7910BAD-C236-4E5C-90F7-0F9DD07C40B0}",
        "INSTALLDIR": " C:\\SVMX\\Applications\\SVMX.WebAppHost\\",
        "ProductCode": " {96101862-5C7A-4F7B-AAD9-144542655EC8}",
        "ProductName": " SVMX.WebAppHost",
        "ProductVersion": " 1.20.4.130"
      }
    },
    {
      "UpdateType": "Uninstall",
      "FileName": "plugin_datetime.1.20.5.463.msi",
      "UniqueIdentifier": "{94E6AA74-E45D-43B2-A7FF-F32898F8671B}",
      "LogFileName": "plugin_datetime_2024-02-20T09_40_50_uninstall.log",
      "ExitCode": 0,
      "ResultDescription": "SUCCESS",
      "UpdateLogEntries": {
        "PackageCode": " {4F7C7E46-2AF1-43D7-89CD-FB2BA79FBFA4}",
        "INSTALLDIR": " C:\\SVMX\\Plugins\\HardwareManager\\DateTimePlugin\\",
        "ProductCode": " {A6B24936-F83A-489F-AB24-42D6C843B1B7}",
        "ProductName": " SVMX.Plugins.Windows.DateTimePlugin",
        "ProductVersion": " 1.20.4.130"
      }
    },
    {
      "UpdateType": "Uninstall",
      "FileName": "plugin_gpioconnection.1.20.5.463.msi",
      "UniqueIdentifier": "{5D669FB8-6995-4C0B-945F-996C136E72D5}",
      "LogFileName": "plugin_gpioconnection_2024-02-20T09_40_52_uninstall.log",
      "ExitCode": 0,
      "ResultDescription": "SUCCESS",
      "UpdateLogEntries": {
        "PackageCode": " {C508B59C-3E8E-49ED-ACCF-6F7172E69850}",
        "INSTALLDIR": " C:\\SVMX\\Plugins\\HardwareManager\\GPIOConnectionPlugin\\",
        "ProductCode": " {647A59D5-E55B-48A5-AC21-7EA8CE4FC73E}",
        "ProductName": " SVMX.Plugins.Windows.GPIOConnectionPlugin",
        "ProductVersion": " 1.20.4.130"
      }
    },
    {
      "UpdateType": "Uninstall",
      "FileName": "plugin_network.1.20.5.463.msi",
      "UniqueIdentifier": "{3F2B0C3B-7E78-41FE-B23A-1A4DF0C8CE18}",
      "LogFileName": "plugin_network_2024-02-20T09_40_55_uninstall.log",
      "ExitCode": 0,
      "ResultDescription": "SUCCESS",
      "UpdateLogEntries": {
        "PackageCode": " {0A58F3D9-48BA-4829-AE8B-BD0AC28B5940}",
        "INSTALLDIR": " C:\\SVMX\\Plugins\\HardwareManager\\NetworkPlugin\\",
        "ProductCode": " {959C7B02-9E84-47E4-AD0F-F411F731612D}",
        "ProductName": " SVMX.Plugins.Windows.NetworkPlugin",
        "ProductVersion": " 1.20.4.130"
      }
    },
    {
      "UpdateType": "Uninstall",
      "FileName": "plugin_presencedetection.openvino.1.20.5.463.msi",
      "UniqueIdentifier": "{0A296518-A311-4E66-AA07-DD89772701C6}",
      "LogFileName": "plugin_presencedetection_2024-02-20T09_40_57_uninstall.log",
      "ExitCode": 0,
      "ResultDescription": "SUCCESS",
      "UpdateLogEntries": {
        "PackageCode": " {48BCAB37-C88C-4C78-BE3E-532465A06317}",
        "INSTALLDIR": " C:\\SVMX\\Plugins\\HardwareManager\\PresenceDetectionPlugin\\",
        "ProductCode": " {6A073EF3-FF06-4CCB-B623-73D6C56C86A9}",
        "ProductName": " SVMX.Plugins.Windows.PresenceDetection.OpenVinoPlugin",
        "ProductVersion": " 1.20.4.130"
      }
    },
    {
      "UpdateType": "Uninstall",
      "FileName": "plugin_pumpcontroller.igem.base.1.20.5.463.msi",
      "UniqueIdentifier": "{5D1362D8-7EC5-4F13-B29D-E7573CD6B319}",
      "LogFileName": "plugin_pumpcontroller_2024-02-20T09_41_00_uninstall.log",
      "ExitCode": 0,
      "ResultDescription": "SUCCESS",
      "UpdateLogEntries": {
        "PackageCode": " {19C96C64-31CF-4F47-A995-08857154BD4C}",
        "INSTALLDIR": " C:\\SVMX\\Plugins\\PumpController\\IGemBasePlugin\\",
        "ProductCode": " {C40DDD98-E7F0-46C2-91DE-B0EA54ED6B1B}",
        "ProductName": " SVMX.Plugins.PumpController.IGem.Base",
        "ProductVersion": " 1.20.4.130"
      }
    },
    {
      "UpdateType": "Uninstall",
      "FileName": "plugin_volumecontrol.1.20.5.463.msi",
      "UniqueIdentifier": "{BDB2DC40-2E22-48C2-848F-942645DA29AE}",
      "LogFileName": "plugin_volumecontrol_2024-02-20T09_41_03_uninstall.log",
      "ExitCode": 0,
      "ResultDescription": "SUCCESS",
      "UpdateLogEntries": {
        "PackageCode": " {E4C9FADD-DD3D-41AA-9FF8-7D25768A5F09}",
        "INSTALLDIR": " C:\\SVMX\\Plugins\\HardwareManager\\VolumeControlPlugin\\",
        "ProductCode": " {CEA5AEAC-3F65-4079-83F1-650AABC431CD}",
        "ProductName": " SVMX.Plugins.Windows.VolumeControlPlugin",
        "ProductVersion": " 1.20.4.130"
      }
    },
    {
      "UpdateType": "Uninstall",
      "FileName": "config_default.1.9.3.768.msi",
      "UniqueIdentifier": "{8C57B4AA-20CF-4D7C-9A08-DEBE9204143C}",
      "LogFileName": "config_default_2024-02-20T09_41_05_uninstall.log",
      "ExitCode": 0,
      "ResultDescription": "SUCCESS",
      "UpdateLogEntries": {
        "PackageCode": " {28CC1480-9662-40ED-9012-BCBC5A4CE2AC}",
        "INSTALLDIR": " C:\\SVMX\\",
        "ProductCode": " {8C57B4AA-20CF-4D7C-9A08-DEBE9204143C}",
        "ProductName": " SVMX.ConfigurationDefault",
        "ProductVersion": " 1.9.3.768"
      }
    },
    {
      "UpdateType": "Uninstall",
      "FileName": "config_tiering_tier4.2.0.0.4.msi",
      "UniqueIdentifier": "{9D8A93BD-D62A-485A-8EF0-0EA8C5F06691}",
      "LogFileName": "config_tiering_tier4_2024-02-20T09_41_08_uninstall.log",
      "ExitCode": 0,
      "ResultDescription": "SUCCESS",
      "UpdateLogEntries": {
        "PackageCode": " {5FF7A727-EAAC-4312-8B4B-2B7A7AB288C0}",
        "INSTALLDIR": " C:\\SVMX\\",
        "ProductCode": " {9D8A93BD-D62A-485A-8EF0-0EA8C5F06691}",
        "ProductName": " SVMX.Tiering Tier4",
        "ProductVersion": " 2.0.0.4"
      }
    },
    {
      "UpdateType": "Install",
      "FileName": "core_updateassistant.1.20.5.463.msi",
      "UniqueIdentifier": "{47764922-1E6D-48EA-99B2-059162E831D2}",
      "LogFileName": "core_updateassistant_2024-02-20T09_41_09_install.log",
      "ExitCode": 0,
      "ResultDescription": "SUCCESS",
      "UpdateLogEntries": {
        "PackageCode": " {36AAFB61-2281-494F-9D31-FDC6F1668C41}",
        "INSTALLDIR": " C:\\SVMX\\Applications\\SVMX.UpdateAssistant\\",
        "SOURCEDIR": " C:\\SVMX\\Temp\\isense\\3f0ebd9f-db2c-4189-ad26-2f0121a493bc\\install\\",
        "ProductCode": " {47764922-1E6D-48EA-99B2-059162E831D2}",
        "ProductName": " SVMX.UpdateAssistant",
        "ProductVersion": " 1.20.5.463"
      }
    },
    {
      "UpdateType": "Install",
      "FileName": "system_certificates_production.1.13.0.4.msi",
      "UniqueIdentifier": "{6924099B-FFDA-41C4-ACEA-B0CA6D02E3B9}",
      "LogFileName": "system_certificates_production_2024-02-20T09_41_16_install.log",
      "ExitCode": 0,
      "ResultDescription": "SUCCESS",
      "UpdateLogEntries": {
        "PackageCode": " {6F7C9F12-062B-4B94-A0E0-15EC617F2A12}",
        "INSTALLDIR": " C:\\SVMX\\Config\\Certificates\\",
        "SOURCEDIR": " C:\\SVMX\\Temp\\isense\\3f0ebd9f-db2c-4189-ad26-2f0121a493bc\\install\\",
        "ProductCode": " {6924099B-FFDA-41C4-ACEA-B0CA6D02E3B9}",
        "ProductName": " SVMX.Certificates - Production",
        "ProductVersion": " 1.13.0.4"
      }
    },
    {
      "UpdateType": "Install",
      "FileName": "system_defaultmedia.1.5.0.23.msi",
      "UniqueIdentifier": "{45CF6BBA-33C2-4BE3-A262-5B2CC1C07A00}",
      "LogFileName": "system_defaultmedia_2024-02-20T09_41_17_install.log",
      "ExitCode": 0,
      "ResultDescription": "SUCCESS",
      "UpdateLogEntries": {
        "PackageCode": " {39223B29-CA8C-4599-A7B9-09A32E2826F9}",
        "INSTALLDIR": " C:\\SVMX\\DefaultMedia\\",
        "SOURCEDIR": " C:\\SVMX\\Temp\\isense\\3f0ebd9f-db2c-4189-ad26-2f0121a493bc\\install\\",
        "ProductCode": " {45CF6BBA-33C2-4BE3-A262-5B2CC1C07A00}",
        "ProductName": " SVMX.DefaultMedia",
        "ProductVersion": " 1.5.0.23"
      }
    },
    {
      "UpdateType": "Install",
      "FileName": "system_touchdriver.2.0.0.2.msi",
      "UniqueIdentifier": "{8DE6611A-958B-410A-90A4-6F1EE7EC3828}",
      "LogFileName": "system_touchdriver_2024-02-20T09_41_18_install.log",
      "ExitCode": 0,
      "ResultDescription": "SUCCESS",
      "UpdateLogEntries": {
        "PackageCode": " {626AAF92-8141-4528-9786-A07759594EE2}",
        "INSTALLDIR": " C:\\SVMX\\Applications\\SVMX.TouchDriver\\",
        "SOURCEDIR": " C:\\SVMX\\Temp\\isense\\3f0ebd9f-db2c-4189-ad26-2f0121a493bc\\install\\",
        "ProductCode": " {8DE6611A-958B-410A-90A4-6F1EE7EC3828}",
        "ProductName": " SVMX.TouchDriver",
        "ProductVersion": " 2.0.0.2"
      }
    },
    {
      "UpdateType": "Install",
      "FileName": "core_customerappui.1.20.5.463.msi",
      "UniqueIdentifier": "{85B2AB1A-D393-4EE1-92FA-4BC0EC6FA8C0}",
      "LogFileName": "core_customerappui_2024-02-20T09_41_20_install.log",
      "ExitCode": 0,
      "ResultDescription": "SUCCESS",
      "UpdateLogEntries": {
        "PackageCode": " {BB2EDF37-1E20-425F-8CE4-7A0605F043DC}",
        "INSTALLDIR": " C:\\SVMX\\Applications\\SVMX.CustomerAppUI\\",
        "SOURCEDIR": " C:\\SVMX\\Temp\\isense\\3f0ebd9f-db2c-4189-ad26-2f0121a493bc\\install\\",
        "ProductCode": " {85B2AB1A-D393-4EE1-92FA-4BC0EC6FA8C0}",
        "ProductName": " SVMX.CustomerAppUI",
        "ProductVersion": " 1.20.5.463"
      }
    },
    {
      "UpdateType": "Install",
      "FileName": "core_displayappchromium.3.6.170.0.msi",
      "UniqueIdentifier": "{0F927079-4ADE-48DC-ABB3-E2236C84D25B}",
      "LogFileName": "core_displayappchromium_2024-02-20T09_41_22_install.log",
      "ExitCode": 0,
      "ResultDescription": "SUCCESS",
      "UpdateLogEntries": {
        "PackageCode": " {A01655EC-04B5-4613-B7EA-CDFFAE54AD64}",
        "INSTALLDIR": " C:\\SVMX\\Applications\\SVMX.DisplayApp\\",
        "SOURCEDIR": " C:\\SVMX\\Temp\\isense\\3f0ebd9f-db2c-4189-ad26-2f0121a493bc\\install\\",
        "ProductCode": " {0F927079-4ADE-48DC-ABB3-E2236C84D25B}",
        "ProductName": " SVMX.DisplayApp",
        "ProductVersion": " 3.6.170.0"
      }
    },
    {
      "UpdateType": "Install",
      "FileName": "core_displayappcore.3.6.170.0.msi",
      "UniqueIdentifier": "{446AD04C-931D-4105-A895-DAA5C8493126}",
      "LogFileName": "core_displayappcore_2024-02-20T09_41_34_install.log",
      "ExitCode": 0,
      "ResultDescription": "SUCCESS",
      "UpdateLogEntries": {
        "PackageCode": " {1CE7C193-E4F7-4C84-83D8-9DE8B31696A0}",
        "INSTALLDIR": " C:\\SVMX\\Applications\\SVMX.DisplayApp\\",
        "SOURCEDIR": " C:\\SVMX\\Temp\\isense\\3f0ebd9f-db2c-4189-ad26-2f0121a493bc\\install\\",
        "ProductCode": " {446AD04C-931D-4105-A895-DAA5C8493126}",
        "ProductName": " SVMX.DisplayAppCore",
        "ProductVersion": " 3.6.170.0"
      }
    },
    {
      "UpdateType": "Install",
      "FileName": "core_hardwaremanager.1.20.5.463.msi",
      "UniqueIdentifier": "{7A1AE347-6AE6-449F-B0EF-2BEE2C9FC24D}",
      "LogFileName": "core_hardwaremanager_2024-02-20T09_41_36_install.log",
      "ExitCode": 0,
      "ResultDescription": "SUCCESS",
      "UpdateLogEntries": {
        "PackageCode": " {27B7A5B6-B264-4029-9B7A-19F4CAD1B6E0}",
        "INSTALLDIR": " C:\\SVMX\\Applications\\SVMX.HardwareManager\\",
        "SOURCEDIR": " C:\\SVMX\\Temp\\isense\\3f0ebd9f-db2c-4189-ad26-2f0121a493bc\\install\\",
        "ProductCode": " {7A1AE347-6AE6-449F-B0EF-2BEE2C9FC24D}",
        "ProductName": " SVMX.HardwareManager",
        "ProductVersion": " 1.20.5.463"
      }
    },
    {
      "UpdateType": "Install",
      "FileName": "core_isensecontroller.1.20.5.463.msi",
      "UniqueIdentifier": "{8113B454-2B90-49F0-82F4-4FB312970361}",
      "LogFileName": "core_isensecontroller_2024-02-20T09_41_39_install.log",
      "ExitCode": 0,
      "ResultDescription": "SUCCESS",
      "UpdateLogEntries": {
        "PackageCode": " {DF146846-7812-4562-8F92-29757BB5848C}",
        "INSTALLDIR": " C:\\SVMX\\Applications\\SVMX.ISenseController\\",
        "SOURCEDIR": " C:\\SVMX\\Temp\\isense\\3f0ebd9f-db2c-4189-ad26-2f0121a493bc\\install\\",
        "ProductCode": " {8113B454-2B90-49F0-82F4-4FB312970361}",
        "ProductName": " SVMX.ISenseController",
        "ProductVersion": " 1.20.5.463"
      }
    },
    {
      "UpdateType": "Install",
      "FileName": "core_mediacontroller.1.20.5.463.msi",
      "UniqueIdentifier": "{0BD37363-39CE-4ECA-BCAC-7BF336F1B936}",
      "LogFileName": "core_mediacontroller_2024-02-20T09_41_41_install.log",
      "ExitCode": 0,
      "ResultDescription": "SUCCESS",
      "UpdateLogEntries": {
        "PackageCode": " {3562B8D4-3408-4A6A-A1D2-99C19A946867}",
        "INSTALLDIR": " C:\\SVMX\\Applications\\SVMX.MediaController\\",
        "SOURCEDIR": " C:\\SVMX\\Temp\\isense\\3f0ebd9f-db2c-4189-ad26-2f0121a493bc\\install\\",
        "ProductCode": " {0BD37363-39CE-4ECA-BCAC-7BF336F1B936}",
        "ProductName": " SVMX.MediaController",
        "ProductVersion": " 1.20.5.463"
      }
    },
    {
      "UpdateType": "Install",
      "FileName": "core_pumpappui.1.20.5.463.msi",
      "UniqueIdentifier": "{A7D5C1DF-BD57-47E2-8436-0EC68077727C}",
      "LogFileName": "core_pumpappui_2024-02-20T09_41_44_install.log",
      "ExitCode": 0,
      "ResultDescription": "SUCCESS",
      "UpdateLogEntries": {
        "PackageCode": " {2B3FB06C-4BDB-4CD1-A95C-A9B8DB67EFBC}",
        "INSTALLDIR": " C:\\SVMX\\Applications\\SVMX.PumpAppUI\\",
        "SOURCEDIR": " C:\\SVMX\\Temp\\isense\\3f0ebd9f-db2c-4189-ad26-2f0121a493bc\\install\\",
        "ProductCode": " {A7D5C1DF-BD57-47E2-8436-0EC68077727C}",
        "ProductName": " SVMX.PumpAppUI",
        "ProductVersion": " 1.20.5.463"
      }
    },
    {
      "UpdateType": "Install",
      "FileName": "core_pumpcontroller.1.20.5.463.msi",
      "UniqueIdentifier": "{EBBD9C28-DB40-4A3F-8528-00E20B083171}",
      "LogFileName": "core_pumpcontroller_2024-02-20T09_41_47_install.log",
      "ExitCode": 0,
      "ResultDescription": "SUCCESS",
      "UpdateLogEntries": {
        "PackageCode": " {46647DC0-191F-413B-AB22-E9DB82EE22DC}",
        "INSTALLDIR": " C:\\SVMX\\Applications\\SVMX.PumpController\\",
        "SOURCEDIR": " C:\\SVMX\\Temp\\isense\\3f0ebd9f-db2c-4189-ad26-2f0121a493bc\\install\\",
        "ProductCode": " {EBBD9C28-DB40-4A3F-8528-00E20B083171}",
        "ProductName": " SVMX.PumpController",
        "ProductVersion": " 1.20.5.463"
      }
    },
    {
      "UpdateType": "Install",
      "FileName": "core_securitymodulecontroller.1.20.5.463.msi",
      "UniqueIdentifier": "{4A108D2A-F0F8-4209-9BCE-DA666B27B407}",
      "LogFileName": "core_securitymodulecontroller_2024-02-20T09_41_49_install.log",
      "ExitCode": 0,
      "ResultDescription": "SUCCESS",
      "UpdateLogEntries": {
        "PackageCode": " {1FAA5893-9B98-4585-8301-5CB6A7AFEFF2}",
        "INSTALLDIR": " C:\\SVMX\\Applications\\SVMX.SecurityModuleController\\",
        "SOURCEDIR": " C:\\SVMX\\Temp\\isense\\3f0ebd9f-db2c-4189-ad26-2f0121a493bc\\install\\",
        "ProductCode": " {4A108D2A-F0F8-4209-9BCE-DA666B27B407}",
        "ProductName": " SVMX.SecurityModuleController",
        "ProductVersion": " 1.20.5.463"
      }
    },
    {
      "UpdateType": "Install",
      "FileName": "core_terminalstatemanager.1.20.5.463.msi",
      "UniqueIdentifier": "{5D478FA5-D2EB-4236-8247-4FCA7D07808A}",
      "LogFileName": "core_terminalstatemanager_2024-02-20T09_41_52_install.log",
      "ExitCode": 0,
      "ResultDescription": "SUCCESS",
      "UpdateLogEntries": {
        "PackageCode": " {16FE23AC-D363-4E1A-8F65-BBD2CFE96DBD}",
        "INSTALLDIR": " C:\\SVMX\\Applications\\SVMX.TerminalStateManager\\",
        "SOURCEDIR": " C:\\SVMX\\Temp\\isense\\3f0ebd9f-db2c-4189-ad26-2f0121a493bc\\install\\",
        "ProductCode": " {5D478FA5-D2EB-4236-8247-4FCA7D07808A}",
        "ProductName": " SVMX.TerminalStateManager",
        "ProductVersion": " 1.20.5.463"
      }
    },
    {
      "UpdateType": "Install",
      "FileName": "core_webapphost.1.20.5.463.msi",
      "UniqueIdentifier": "{2684831A-7633-4841-9748-15041B0ADAEC}",
      "LogFileName": "core_webapphost_2024-02-20T09_41_55_install.log",
      "ExitCode": 0,
      "ResultDescription": "SUCCESS",
      "UpdateLogEntries": {
        "PackageCode": " {D5EFD421-AEA3-46DB-BA99-4E7E6ED82762}",
        "INSTALLDIR": " C:\\SVMX\\Applications\\SVMX.WebAppHost\\",
        "SOURCEDIR": " C:\\SVMX\\Temp\\isense\\3f0ebd9f-db2c-4189-ad26-2f0121a493bc\\install\\",
        "ProductCode": " {2684831A-7633-4841-9748-15041B0ADAEC}",
        "ProductName": " SVMX.WebAppHost",
        "ProductVersion": " 1.20.5.463"
      }
    },
    {
      "UpdateType": "Install",
      "FileName": "plugin_datetime.1.20.5.463.msi",
      "UniqueIdentifier": "{94E6AA74-E45D-43B2-A7FF-F32898F8671B}",
      "LogFileName": "plugin_datetime_2024-02-20T09_41_58_install.log",
      "ExitCode": 0,
      "ResultDescription": "SUCCESS",
      "UpdateLogEntries": {
        "PackageCode": " {E2F9EB46-149D-41A2-A34D-AEEF018DF597}",
        "INSTALLDIR": " C:\\SVMX\\Plugins\\HardwareManager\\DateTimePlugin\\",
        "SOURCEDIR": " C:\\SVMX\\Temp\\isense\\3f0ebd9f-db2c-4189-ad26-2f0121a493bc\\install\\",
        "ProductCode": " {94E6AA74-E45D-43B2-A7FF-F32898F8671B}",
        "ProductName": " SVMX.Plugins.Windows.DateTimePlugin",
        "ProductVersion": " 1.20.5.463"
      }
    },
    {
      "UpdateType": "Install",
      "FileName": "plugin_gpioconnection.1.20.5.463.msi",
      "UniqueIdentifier": "{5D669FB8-6995-4C0B-945F-996C136E72D5}",
      "LogFileName": "plugin_gpioconnection_2024-02-20T09_42_00_install.log",
      "ExitCode": 0,
      "ResultDescription": "SUCCESS",
      "UpdateLogEntries": {
        "PackageCode": " {B2C9C34E-8FD3-42DA-9B3E-307FC44DEC42}",
        "INSTALLDIR": " C:\\SVMX\\Plugins\\HardwareManager\\GPIOConnectionPlugin\\",
        "SOURCEDIR": " C:\\SVMX\\Temp\\isense\\3f0ebd9f-db2c-4189-ad26-2f0121a493bc\\install\\",
        "ProductCode": " {5D669FB8-6995-4C0B-945F-996C136E72D5}",
        "ProductName": " SVMX.Plugins.Windows.GPIOConnectionPlugin",
        "ProductVersion": " 1.20.5.463"
      }
    },
    {
      "UpdateType": "Install",
      "FileName": "plugin_network.1.20.5.463.msi",
      "UniqueIdentifier": "{3F2B0C3B-7E78-41FE-B23A-1A4DF0C8CE18}",
      "LogFileName": "plugin_network_2024-02-20T09_42_03_install.log",
      "ExitCode": 0,
      "ResultDescription": "SUCCESS",
      "UpdateLogEntries": {
        "PackageCode": " {900C5B6C-EAD6-4842-805F-EF65EE9C2389}",
        "INSTALLDIR": " C:\\SVMX\\Plugins\\HardwareManager\\NetworkPlugin\\",
        "SOURCEDIR": " C:\\SVMX\\Temp\\isense\\3f0ebd9f-db2c-4189-ad26-2f0121a493bc\\install\\",
        "ProductCode": " {3F2B0C3B-7E78-41FE-B23A-1A4DF0C8CE18}",
        "ProductName": " SVMX.Plugins.Windows.NetworkPlugin",
        "ProductVersion": " 1.20.5.463"
      }
    },
    {
      "UpdateType": "Install",
      "FileName": "plugin_presencedetection.openvino.1.20.5.463.msi",
      "UniqueIdentifier": "{0A296518-A311-4E66-AA07-DD89772701C6}",
      "LogFileName": "plugin_presencedetection_2024-02-20T09_42_06_install.log",
      "ExitCode": 0,
      "ResultDescription": "SUCCESS",
      "UpdateLogEntries": {
        "PackageCode": " {C1EE2B81-B7F6-4EED-BDDE-ADF2F6F4DAEB}",
        "INSTALLDIR": " C:\\SVMX\\Plugins\\HardwareManager\\PresenceDetectionPlugin\\",
        "SOURCEDIR": " C:\\SVMX\\Temp\\isense\\3f0ebd9f-db2c-4189-ad26-2f0121a493bc\\install\\",
        "ProductCode": " {0A296518-A311-4E66-AA07-DD89772701C6}",
        "ProductName": " SVMX.Plugins.Windows.PresenceDetection.OpenVinoPlugin",
        "ProductVersion": " 1.20.5.463"
      }
    },
    {
      "UpdateType": "Install",
      "FileName": "plugin_pumpcontroller.igem.base.1.20.5.463.msi",
      "UniqueIdentifier": "{5D1362D8-7EC5-4F13-B29D-E7573CD6B319}",
      "LogFileName": "plugin_pumpcontroller_2024-02-20T09_42_15_install.log",
      "ExitCode": 0,
      "ResultDescription": "SUCCESS",
      "UpdateLogEntries": {
        "PackageCode": " {CB0148BB-7DA2-4C91-A3D7-D95FF2EDAE55}",
        "INSTALLDIR": " C:\\SVMX\\Plugins\\PumpController\\IGemBasePlugin\\",
        "SOURCEDIR": " C:\\SVMX\\Temp\\isense\\3f0ebd9f-db2c-4189-ad26-2f0121a493bc\\install\\",
        "ProductCode": " {5D1362D8-7EC5-4F13-B29D-E7573CD6B319}",
        "ProductName": " SVMX.Plugins.PumpController.IGem.Base",
        "ProductVersion": " 1.20.5.463"
      }
    },
    {
      "UpdateType": "Install",
      "FileName": "plugin_volumecontrol.1.20.5.463.msi",
      "UniqueIdentifier": "{BDB2DC40-2E22-48C2-848F-942645DA29AE}",
      "LogFileName": "plugin_volumecontrol_2024-02-20T09_42_18_install.log",
      "ExitCode": 0,
      "ResultDescription": "SUCCESS",
      "UpdateLogEntries": {
        "PackageCode": " {7D143B2F-B269-46DA-84E2-7A9E7E3F1910}",
        "INSTALLDIR": " C:\\SVMX\\Plugins\\HardwareManager\\VolumeControlPlugin\\",
        "SOURCEDIR": " C:\\SVMX\\Temp\\isense\\3f0ebd9f-db2c-4189-ad26-2f0121a493bc\\install\\",
        "ProductCode": " {BDB2DC40-2E22-48C2-848F-942645DA29AE}",
        "ProductName": " SVMX.Plugins.Windows.VolumeControlPlugin",
        "ProductVersion": " 1.20.5.463"
      }
    },
    {
      "UpdateType": "Install",
      "FileName": "config_default.1.9.3.768.msi",
      "UniqueIdentifier": "{8C57B4AA-20CF-4D7C-9A08-DEBE9204143C}",
      "LogFileName": "config_default_2024-02-20T09_42_21_install.log",
      "ExitCode": 0,
      "ResultDescription": "SUCCESS",
      "UpdateLogEntries": {
        "PackageCode": " {28CC1480-9662-40ED-9012-BCBC5A4CE2AC}",
        "INSTALLDIR": " C:\\SVMX\\",
        "SOURCEDIR": " C:\\SVMX\\Temp\\isense\\3f0ebd9f-db2c-4189-ad26-2f0121a493bc\\install\\",
        "ProductCode": " {8C57B4AA-20CF-4D7C-9A08-DEBE9204143C}",
        "ProductName": " SVMX.ConfigurationDefault",
        "ProductVersion": " 1.9.3.768"
      }
    },
    {
      "UpdateType": "Install",
      "FileName": "config_tiering_tier4.2.0.0.4.msi",
      "UniqueIdentifier": "{9D8A93BD-D62A-485A-8EF0-0EA8C5F06691}",
      "LogFileName": "config_tiering_tier4_2024-02-20T09_42_24_install.log",
      "ExitCode": 0,
      "ResultDescription": "SUCCESS",
      "UpdateLogEntries": {
        "PackageCode": " {5FF7A727-EAAC-4312-8B4B-2B7A7AB288C0}",
        "INSTALLDIR": " C:\\SVMX\\",
        "SOURCEDIR": " C:\\SVMX\\Temp\\isense\\3f0ebd9f-db2c-4189-ad26-2f0121a493bc\\install\\",
        "ProductCode": " {9D8A93BD-D62A-485A-8EF0-0EA8C5F06691}",
        "ProductName": " SVMX.Tiering Tier4",
        "ProductVersion": " 2.0.0.4"
      }
    }
  ],
  "ConfigurationUpdateEntries": []
}