{
  "Result": 0,
  "ResultMessage": "Update finished successfully.",
  "UpdateSource": "REMOTE",
  "UpdateFolder": "C:\\SVMX\\Temp\\isense\\a7bf77de-0cea-4fe0-979c-593591b4307e\\install",
  "WindowsUpdateEntries": [
    {
      "UpdateType": "CatalogAdd",
      "FileName": "SVMX-SPM2Update.3.1.210.79.cat",
      "UniqueIdentifier": null,
      "LogFileName": null,
      "ExitCode": 0,
      "ResultDescription": "File added successfully to catalog",
      "UpdateLogEntries": null
    },
    {
      "UpdateType": "Uninstall",
      "FileName": "core_spm2_emvupdate.3.1.210.79.msi",
      "UniqueIdentifier": "{FE7F5674-FF1A-47C2-8C96-9E500C5C9E19}",
      "LogFileName": "core_spm2_emvupdate_2024-02-22T01_23_37_uninstall.log",
      "ExitCode": 0,
      "ResultDescription": "SUCCESS",
      "UpdateLogEntries": {
        "PackageCode": " {1811229E-C376-48DC-94B0-B66BCEDDAE17}",
        "INSTALLDIR": " C:\\SVMX\\Config\\SPM2_Install\\",
        "ProductCode": " {9742470A-6B1E-49BE-9F7D-F1F79B25A79A}",
        "ProductName": " SVMX.SPM2EMVUpdateSetup",
        "ProductVersion": " 3.1.207.43"
      }
    },
    {
      "UpdateType": "Install",
      "FileName": "core_spm2_emvupdate.3.1.210.79.msi",
      "UniqueIdentifier": "{FE7F5674-FF1A-47C2-8C96-9E500C5C9E19}",
      "LogFileName": "core_spm2_emvupdate_2024-02-22T01_23_40_install.log",
      "ExitCode": 0,
      "ResultDescription": "SUCCESS",
      "UpdateLogEntries": {
        "PackageCode": " {33E405B5-0A52-480E-B2F2-3E43989DD7C3}",
        "INSTALLDIR": " C:\\SVMX\\Config\\SPM2_Install\\",
        "SOURCEDIR": " C:\\SVMX\\Temp\\isense\\a7bf77de-0cea-4fe0-979c-593591b4307e\\install\\",
        "ProductCode": " {FE7F5674-FF1A-47C2-8C96-9E500C5C9E19}",
        "ProductName": " SVMX.SPM2EMVUpdateSetup",
        "ProductVersion": " 3.1.210.79"
      }
    }
  ],
  "ConfigurationUpdateEntries": []
}