{
  "Result": 0,
  "ResultMessage": "Update finished successfully.",
  "UpdateSource": "REMOTE",
  "UpdateFolder": "C:\\SVMX\\Temp\\isense\\dcb655d6-e24d-4d0d-82e3-74508e454107\\install",
  "WindowsUpdateEntries": [],
  "ConfigurationUpdateEntries": [
    {
      "UpdateType": "FileCopy",
      "FileName": "update.config.template",
      "SourceDir": "C:\\Users\\dfs\\AppData\\Local\\Temp\\svmx_config\\Config\\SPM2",
      "InstallPath": "C:\\SVMX\\Config\\SPM2",
      "ResultCode": 0,
      "ResultDescription": "Processed successfully"
    },
    {
      "UpdateType": "FileCopy",
      "FileName": "Erase.config",
      "SourceDir": "C:\\Users\\dfs\\AppData\\Local\\Temp\\svmx_config\\Config\\SPM2_Install",
      "InstallPath": "C:\\SVMX\\Config\\SPM2_Install",
      "ResultCode": 0,
      "ResultDescription": "Processed successfully"
    },
    {
      "UpdateType": "FileCopy",
      "FileName": "Erase.config",
      "SourceDir": "C:\\Users\\dfs\\AppData\\Local\\Temp\\svmx_config\\Data\\SoftwareDistribution\\SPM\\flash\\Startup",
      "InstallPath": "C:\\SVMX\\Data\\SoftwareDistribution\\SPM\\flash\\Startup",
      "ResultCode": 0,
      "ResultDescription": "Processed successfully"
    },
    {
      "UpdateType": "ZipConfig",
      "FileName": "configuration_erase.zip",
      "SourceDir": "C:\\SVMX\\Temp\\isense\\dcb655d6-e24d-4d0d-82e3-74508e454107\\install",
      "InstallPath": "C:\\Users\\dfs\\AppData\\Local\\Temp\\svmx_config",
      "ResultCode": 0,
      "ResultDescription": "Package files copied successfully"
    }
  ]
}