<?xml version="1.0" encoding="utf-8"?>
<MediaContent xmlns:xsi="http://www.w3.org/2001/XMLSchema-instance" xmlns:xsd="http://www.w3.org/2001/XMLSchema">
  <FileInfo>
    <Version>1</Version>
  </FileInfo>
  <ExtraInfo Type="weather">
    <MediaData>eebbcd47-374c-48b4-a3e3-2a3f199a6ccb.png</MediaData>
    <Weather Icon="eebbcd47-374c-48b4-a3e3-2a3f199a6ccb_ico.png">
      <Temperature>37.0</Temperature>
      <MinTemp>39.0</MinTemp>
      <MaxTemp>66.0</MaxTemp>
      <Scale>F</Scale>
      <WeatherIcon>eebbcd47-374c-48b4-a3e3-2a3f199a6ccb_ico.png</WeatherIcon>
    </Weather>
  </ExtraInfo>
</MediaContent>